ds,y
2015-01-01,5.99
2015-01-02,5.67
2015-01-03,5.63
2015-01-04,4.65
2015-01-05,4.11
2015-01-06,5.31
2015-01-07,5.6
2015-01-08,5.72
2015-01-09,5.18
2015-01-10,5.46
2015-01-11,5.8
2015-01-12,5.94
2015-01-13,6.42
2015-01-14,6.49
2015-01-15,6.27
2015-01-16,6.18
2015-01-17,6.46
2015-01-18,6.57
2015-01-19,6.46
2015-01-20,6.29
2015-01-21,6.33
2015-01-22,6.11
2015-01-23,6.49
2015-01-24,6.52
2015-01-25,6.26
2015-01-26,6.11
2015-01-27,5.81
2015-01-28,5.88
2015-01-29,6.16
2015-01-30,6.18
2015-01-31,6.44
2015-02-01,6.67
2015-02-02,6.05
2015-02-03,6.18
2015-02-04,6.45
2015-02-05,5.63
2015-02-06,6.31
2015-02-07,6.62
2015-02-08,6.49
2015-02-09,6.28
2015-02-10,6.54
2015-02-11,6.72
2015-02-12,5.78
2015-02-13,6.13
2015-02-14,6.62
2015-02-15,6.77
2015-02-16,6.58
2015-02-17,5.79
2015-02-18,4.2
2015-02-19,6.43
2015-02-20,6.28
2015-02-21,5.38
2015-02-22,5.74
2015-02-23,5.45
2015-02-24,5.57
2015-02-25,5.17
2015-02-26,5.31
2015-02-27,4.27
2015-02-28,6.13
2015-03-01,5.48
2015-03-02,5.64
2015-03-03,5.27
2015-03-04,4.77
2015-03-05,5.82
2015-03-06,6.03
2015-03-07,6.36
2015-03-08,6.51
2015-03-09,6.0
2015-03-10,6.35
2015-03-11,6.63
2015-03-12,6.44
2015-03-13,4.43
2015-03-14,5.57
2015-03-15,5.39
2015-03-16,5.11
2015-03-17,5.23
2015-03-18,6.38
2015-03-19,6.97
2015-03-20,6.45
2015-03-21,6.4
2015-03-22,6.07
2015-03-23,6.99
2015-03-24,5.64
2015-03-25,6.21
2015-03-26,5.72
2015-03-27,4.43
2015-03-28,5.51
2015-03-29,6.1
2015-03-30,5.08
2015-03-31,6.05
2015-04-01,6.53
2015-04-02,5.54
2015-04-03,5.92
2015-04-04,6.36
2015-04-05,6.67
2015-04-06,6.37
2015-04-07,5.79
2015-04-08,6.68
2015-04-09,5.06
2015-04-10,6.07
2015-04-11,4.33
2015-04-12,4.93
2015-04-13,5.78
2015-04-14,6.68
2015-04-15,7.13
2015-04-16,7.47
2015-04-17,7.51
2015-04-18,7.38
2015-04-19,7.48
2015-04-20,7.67
2015-04-21,7.79
2015-04-22,7.78
2015-04-23,7.13
2015-04-24,6.43
2015-04-25,7.04
2015-04-26,6.98
2015-04-27,7.54
2015-04-28,7.75
2015-04-29,7.39
2015-04-30,7.6
2015-05-01,6.76
2015-05-02,6.57
2015-05-03,4.75
2015-05-04,6.72
2015-05-05,4.32
2015-05-06,6.88
2015-05-07,6.2
2015-05-08,5.37
2015-05-09,5.98
2015-05-10,6.36
2015-05-11,5.58
2015-05-12,6.71
2015-05-13,4.39
2015-05-14,6.59
2015-05-15,5.45
2015-05-16,6.92
2015-05-17,6.56
2015-05-18,6.07
2015-05-19,6.2
2015-05-20,6.14
2015-05-21,6.52
2015-05-22,5.93
2015-05-23,6.08
2015-05-24,7.1
2015-05-25,5.31
2015-05-26,7.18
2015-05-27,6.76
2015-05-28,3.14
2015-05-29,7.07
2015-05-30,2.95
2015-05-31,6.05
2015-06-01,6.51
2015-06-02,5.67
2015-06-03,3.44
2015-06-04,4.27
2015-06-05,6.01
2015-06-06,5.47
2015-06-07,6.13
2015-06-08,3.03
2015-06-09,5.7
2015-06-10,6.5
2015-06-11,6.32
2015-06-12,5.67
2015-06-13,6.17
2015-06-14,6.69
2015-06-15,6.7
2015-06-16,6.4
2015-06-17,6.13
2015-06-18,6.87
2015-06-19,6.26
2015-06-20,5.24
2015-06-21,5.44
2015-06-22,5.94
2015-06-23,3.59
2015-06-24,5.79
2015-06-25,6.25
2015-06-26,5.49
2015-06-27,6.15
2015-06-28,6.13
2015-06-29,6.68
2015-06-30,5.73
2015-07-01,4.1
2015-07-02,5.94
2015-07-03,4.86
2015-07-04,4.16
2015-07-05,5.72
2015-07-06,6.89
2015-07-07,6.54
2015-07-08,6.79
2015-07-09,6.88
2015-07-10,5.47
2015-07-11,6.56
2015-07-12,5.28
2015-07-13,6.73
2015-07-14,5.73
2015-07-15,5.42
2015-07-16,6.04
2015-07-17,6.59
2015-07-18,5.04
2015-07-19,6.6
2015-07-20,2.3
2015-07-21,4.59
2015-07-22,6.57
2015-07-23,3.59
2015-07-24,5.03
2015-07-25,6.47
2015-07-26,4.64
2015-07-27,6.19
2015-07-28,5.49
2015-07-29,3.72
2015-07-30,5.98
2015-07-31,5.85
2015-08-01,6.0
2015-08-02,5.27
2015-08-03,5.14
2015-08-04,5.22
2015-08-05,5.45
2015-08-06,5.13
2015-08-07,3.79
2015-08-08,5.93
2015-08-09,5.38
2015-08-10,2.86
2015-08-11,4.02
2015-08-12,6.73
2015-08-13,2.95
2015-08-14,5.48
2015-08-15,5.92
2015-08-16,6.5
2015-08-17,4.89
2015-08-18,5.13
2015-08-19,6.44
2015-08-20,4.52
2015-08-21,3.46
2015-08-22,5.2
2015-08-23,4.55
2015-08-24,4.0
2015-08-25,5.23
2015-08-26,5.07
2015-08-27,5.53
2015-08-28,2.08
2015-08-29,5.91
2015-08-30,3.88
2015-08-31,6.1
2015-09-01,3.4
2015-09-02,5.68
2015-09-03,4.8
2015-09-04,2.47
2015-09-05,3.72
2015-09-06,6.53
2015-09-07,4.8
2015-09-08,6.27
2015-09-09,6.19
2015-09-10,6.65
2015-09-11,2.85
2015-09-12,6.79
2015-09-13,3.64
2015-09-14,6.46
2015-09-15,2.46
2015-09-16,4.89
2015-09-17,4.81
2015-09-18,6.6
2015-09-19,6.54
2015-09-20,6.69
2015-09-21,4.13
2015-09-22,6.83
2015-09-23,6.64
2015-09-24,4.75
2015-09-25,6.28
2015-09-26,5.85
2015-09-27,6.84
2015-09-28,2.38
2015-09-29,6.05
2015-09-30,6.31
2015-10-01,6.71
2015-10-02,6.41
2015-10-03,6.77
2015-10-04,5.92
2015-10-05,3.83
2015-10-06,4.6
2015-10-07,4.86
2015-10-08,5.37
2015-10-09,5.85
2015-10-10,6.28
2015-10-11,6.45
2015-10-12,6.58
2015-10-13,6.11
2015-10-14,6.09
2015-10-15,4.93
2015-10-16,6.64
2015-10-17,6.57
2015-10-18,6.2
2015-10-19,6.54
2015-10-20,6.53
2015-10-21,6.7
2015-10-22,6.3
2015-10-23,6.49
2015-10-24,5.72
2015-10-25,5.61
2015-10-26,5.71
2015-10-27,3.67
2015-10-28,5.41
2015-10-29,3.77
2015-10-30,5.94
2015-10-31,4.87
2015-11-01,4.74
2015-11-02,5.16
2015-11-03,6.59
2015-11-04,6.02
2015-11-05,6.02
2015-11-06,6.31
2015-11-07,6.24
2015-11-08,6.15
2015-11-09,5.86
2015-11-10,5.95
2015-11-11,6.39
2015-11-12,6.6
2015-11-13,6.66
2015-11-14,6.38
2015-11-15,6.39
2015-11-16,6.28
2015-11-17,6.37
2015-11-18,6.21
2015-11-19,6.09
2015-11-20,5.78
2015-11-21,5.99
2015-11-22,6.18
2015-11-23,6.19
2015-11-24,5.35
2015-11-25,6.13
2015-11-26,6.53
2015-11-27,6.59
2015-11-28,6.59
2015-11-29,6.13
2015-11-30,5.89
2015-12-01,5.25
2015-12-02,3.68
2015-12-03,4.13
2015-12-04,4.52
2015-12-05,4.8
2015-12-06,3.85
2015-12-07,5.54
2015-12-08,5.87
2015-12-09,5.85
2015-12-10,5.69
2015-12-11,4.72
2015-12-12,5.72
2015-12-13,5.91
2015-12-14,6.03
2015-12-15,5.84
2015-12-16,6.16
2015-12-17,6.19
2015-12-18,5.85
2015-12-19,5.93
2015-12-20,5.82
2015-12-21,5.43
2015-12-22,5.71
2015-12-23,5.46
2015-12-24,5.04
2015-12-25,5.04
2015-12-26,5.75
2015-12-27,5.96
2015-12-28,6.23
2015-12-29,6.12
2015-12-30,5.98
2015-12-31,5.97
2016-01-01,5.89
2016-01-02,6.02
2016-01-03,5.72
2016-01-04,5.17
2016-01-05,5.35
2016-01-06,6.11
2016-01-07,6.12
2016-01-08,6.39
2016-01-09,6.27
2016-01-10,6.16
2016-01-11,6.21
2016-01-12,6.3
2016-01-13,6.3
2016-01-14,6.08
2016-01-15,6.28
2016-01-16,6.23
2016-01-17,5.38
2016-01-18,5.21
2016-01-19,5.21
2016-01-20,5.95
2016-01-21,6.34
2016-01-22,6.54
2016-01-23,6.47
2016-01-24,6.15
2016-01-25,4.71
2016-01-26,5.55
2016-01-27,5.44
2016-01-28,5.61
2016-01-29,6.29
2016-01-30,6.32
2016-01-31,6.39
2016-02-01,6.32
2016-02-02,6.65
2016-02-03,6.53
2016-02-04,6.59
2016-02-05,6.73
2016-02-06,4.36
2016-02-07,5.12
2016-02-08,5.64
2016-02-09,6.18
2016-02-10,6.83
2016-02-11,6.35
2016-02-12,6.67
2016-02-13,5.33
2016-02-14,5.14
2016-02-15,6.5
2016-02-16,6.95
2016-02-17,6.91
2016-02-18,6.62
2016-02-19,6.78
2016-02-20,5.67
2016-02-21,6.01
2016-02-22,5.44
2016-02-23,4.68
2016-02-24,6.09
2016-02-25,6.12
2016-02-26,6.55
2016-02-27,6.55
2016-02-28,6.56
2016-02-29,6.46
2016-03-01,6.14
2016-03-02,5.44
2016-03-03,6.31
2016-03-04,5.15
2016-03-05,4.86
2016-03-06,4.89
2016-03-07,6.02
2016-03-08,5.32
2016-03-09,6.06
2016-03-10,6.25
2016-03-11,6.0
2016-03-12,6.0
2016-03-13,4.5
2016-03-14,5.27
2016-03-15,5.61
2016-03-16,4.88
2016-03-17,4.65
2016-03-18,3.64
2016-03-19,5.33
2016-03-20,4.55
2016-03-21,6.26
2016-03-22,7.17
2016-03-23,6.71
2016-03-24,6.28
2016-03-25,5.79
2016-03-26,5.34
2016-03-27,7.04
2016-03-28,5.56
2016-03-29,5.66
2016-03-30,4.88
2016-03-31,5.29
2016-04-01,4.74
2016-04-02,6.3
2016-04-03,6.88
2016-04-04,7.04
2016-04-05,6.41
2016-04-06,4.65
2016-04-07,4.47
2016-04-08,6.66
2016-04-09,6.32
2016-04-10,6.18
2016-04-11,5.79
2016-04-12,6.11
2016-04-13,6.46
2016-04-14,5.85
2016-04-15,6.07
2016-04-16,6.1
2016-04-17,6.87
2016-04-18,4.81
2016-04-19,6.97
2016-04-20,7.85
2016-04-21,7.38
2016-04-22,6.8
2016-04-23,7.44
2016-04-24,7.2
2016-04-25,5.72
2016-04-26,6.6
2016-04-27,6.86
2016-04-28,6.05
2016-04-29,6.38
2016-04-30,6.95
2016-05-01,7.66
2016-05-02,6.02
2016-05-03,6.18
2016-05-04,5.14
2016-05-05,7.2
2016-05-06,6.69
2016-05-07,3.3
2016-05-08,6.54
2016-05-09,6.73
2016-05-10,6.98
2016-05-11,5.73
2016-05-12,6.22
2016-05-13,5.94
2016-05-14,6.02
2016-05-15,6.84
2016-05-16,5.33
2016-05-17,6.55
2016-05-18,3.04
2016-05-19,6.72
2016-05-20,6.59
2016-05-21,6.25
2016-05-22,5.2
2016-05-23,5.29
2016-05-24,6.3
2016-05-25,6.55
2016-05-26,7.12
2016-05-27,2.36
2016-05-28,5.0
2016-05-29,3.44
2016-05-30,4.59
2016-05-31,5.69
2016-06-01,6.41
2016-06-02,6.96
2016-06-03,6.09
2016-06-04,5.51
2016-06-05,6.29
2016-06-06,5.05
2016-06-07,5.83
2016-06-08,5.08
2016-06-09,6.17
2016-06-10,6.33
2016-06-11,2.35
2016-06-12,5.77
2016-06-13,5.95
2016-06-14,5.57
2016-06-15,3.33
2016-06-16,4.26
2016-06-17,6.45
2016-06-18,6.7
2016-06-19,6.05
2016-06-20,5.38
2016-06-21,5.89
2016-06-22,4.56
2016-06-23,6.54
2016-06-24,4.25
2016-06-25,6.06
2016-06-26,3.78
2016-06-27,3.96
2016-06-28,3.53
2016-06-29,6.47
2016-06-30,6.79
2016-07-01,6.7
2016-07-02,6.61
2016-07-03,5.39
2016-07-04,6.78
2016-07-05,4.52
2016-07-06,4.85
2016-07-07,5.86
2016-07-08,6.29
2016-07-09,3.52
2016-07-10,5.8
2016-07-11,4.74
2016-07-12,4.22
2016-07-13,5.25
2016-07-14,4.48
2016-07-15,5.08
2016-07-16,5.23
2016-07-17,3.98
2016-07-18,3.67
2016-07-19,6.01
2016-07-20,5.87
2016-07-21,4.98
2016-07-22,5.42
2016-07-23,3.9
2016-07-24,2.29
2016-07-25,4.43
2016-07-26,3.66
2016-07-27,4.86
2016-07-28,6.32
2016-07-29,2.38
2016-07-30,6.79
2016-07-31,6.87
2016-08-01,2.8
2016-08-02,5.58
2016-08-03,2.46
2016-08-04,5.48
2016-08-05,5.46
2016-08-06,3.22
2016-08-07,5.46
2016-08-08,3.3
2016-08-09,5.01
2016-08-10,5.18
2016-08-11,6.58
2016-08-12,6.32
2016-08-13,2.91
2016-08-14,6.53
2016-08-15,5.29
2016-08-16,6.1
2016-08-17,5.85
2016-08-18,5.75
2016-08-19,3.96
2016-08-20,6.36
2016-08-21,6.17
2016-08-22,6.8
2016-08-23,5.23
2016-08-24,3.59
2016-08-25,6.18
2016-08-26,3.93
2016-08-27,5.36
2016-08-28,4.57
2016-08-29,6.49
2016-08-30,6.19
2016-08-31,2.91
2016-09-01,3.27
2016-09-02,6.5
2016-09-03,6.64
2016-09-04,6.49
2016-09-05,6.28
2016-09-06,2.61
2016-09-07,5.46
2016-09-08,5.58
2016-09-09,5.87
2016-09-10,5.46
2016-09-11,5.28
2016-09-12,5.24
2016-09-13,3.23
2016-09-14,6.44
2016-09-15,7.02
2016-09-16,6.43
2016-09-17,4.99
2016-09-18,6.78
2016-09-19,4.74
2016-09-20,5.67
2016-09-21,5.53
2016-09-22,5.84
2016-09-23,4.12
2016-09-24,6.41
2016-09-25,5.97
2016-09-26,5.85
2016-09-27,6.08
2016-09-28,6.63
2016-09-29,5.4
2016-09-30,4.91
2016-10-01,6.77
2016-10-02,5.96
2016-10-03,6.21
2016-10-04,6.33
2016-10-05,6.29
2016-10-06,5.49
2016-10-07,6.13
2016-10-08,6.28
2016-10-09,5.22
2016-10-10,6.1
2016-10-11,5.67
2016-10-12,6.09
2016-10-13,6.25
2016-10-14,5.48
2016-10-15,6.2
2016-10-16,6.33
2016-10-17,5.9
2016-10-18,6.41
2016-10-19,4.21
2016-10-20,4.98
2016-10-21,6.12
2016-10-22,6.46
2016-10-23,6.7
2016-10-24,6.7
2016-10-25,6.57
2016-10-26,5.57
2016-10-27,6.62
2016-10-28,6.38
2016-10-29,5.71
2016-10-30,4.19
2016-10-31,6.32
2016-11-01,5.54
2016-11-02,6.3
2016-11-03,6.12
2016-11-04,6.13
2016-11-05,6.23
2016-11-06,6.28
2016-11-07,6.18
2016-11-08,6.41
2016-11-09,6.08
2016-11-10,6.55
2016-11-11,6.46
2016-11-12,6.01
2016-11-13,6.34
2016-11-14,6.16
2016-11-15,5.92
2016-11-16,5.79
2016-11-17,5.76
2016-11-18,5.96
2016-11-19,5.56
2016-11-20,5.77
2016-11-21,5.13
2016-11-22,5.81
2016-11-23,5.88
2016-11-24,6.29
2016-11-25,6.05
2016-11-26,6.19
2016-11-27,6.19
2016-11-28,6.23
2016-11-29,5.99
2016-11-30,6.12
2016-12-01,6.37
2016-12-02,5.73
2016-12-03,5.49
2016-12-04,4.67
2016-12-05,5.54
2016-12-06,5.94
2016-12-07,5.66
2016-12-08,5.53
2016-12-09,5.08
2016-12-10,6.07
2016-12-11,5.92
2016-12-12,5.89
2016-12-13,5.19
2016-12-14,5.73
2016-12-15,6.01
2016-12-16,5.48
2016-12-17,5.88
2016-12-18,5.94
2016-12-19,6.27
2016-12-20,5.94
2016-12-21,5.91
2016-12-22,5.86
2016-12-23,6.04
2016-12-24,4.99
2016-12-25,3.88
2016-12-26,4.02
2016-12-27,4.93
2016-12-28,5.24
2016-12-29,5.9
2016-12-30,6.05
2016-12-31,5.92
2017-01-01,5.66
2017-01-02,6.02
2017-01-03,5.71
2017-01-04,6.0
2017-01-05,5.69
2017-01-06,5.96
2017-01-07,5.51
2017-01-08,5.64
2017-01-09,5.92
2017-01-10,5.69
2017-01-11,5.91
2017-01-12,5.89
2017-01-13,6.02
2017-01-14,5.4
2017-01-15,6.19
2017-01-16,6.17
2017-01-17,5.86
2017-01-18,6.24
2017-01-19,6.31
2017-01-20,5.27
2017-01-21,5.21
2017-01-22,5.93
2017-01-23,4.98
2017-01-24,6.05
2017-01-25,6.22
2017-01-26,6.32
2017-01-27,5.67
2017-01-28,5.37
2017-01-29,6.01
2017-01-30,6.44
2017-01-31,6.47
2017-02-01,5.4
2017-02-02,6.04
2017-02-03,5.69
2017-02-04,5.94
2017-02-05,6.59
2017-02-06,6.5
2017-02-07,6.65
2017-02-08,6.44
2017-02-09,6.46
2017-02-10,6.58
2017-02-11,6.88
2017-02-12,6.79
2017-02-13,6.62
2017-02-14,6.02
2017-02-15,6.0
2017-02-16,5.74
2017-02-17,4.48
2017-02-18,5.38
2017-02-19,6.36
2017-02-20,6.84
2017-02-21,6.68
2017-02-22,6.4
2017-02-23,6.93
2017-02-24,6.65
2017-02-25,6.8
2017-02-26,7.08
2017-02-27,6.69
2017-02-28,7.37
2017-03-01,7.09
2017-03-02,7.12
2017-03-03,7.12
2017-03-04,7.2
2017-03-05,7.35
2017-03-06,7.38
2017-03-07,6.38
2017-03-08,6.69
2017-03-09,6.74
2017-03-10,6.82
2017-03-11,6.38
2017-03-12,5.3
2017-03-13,6.9
2017-03-14,7.17
2017-03-15,6.09
2017-03-16,6.6
2017-03-17,6.9
2017-03-18,6.7
2017-03-19,6.51
2017-03-20,4.79
2017-03-21,5.57
2017-03-22,5.97
2017-03-23,6.48
2017-03-24,6.5
2017-03-25,7.11
2017-03-26,7.46
2017-03-27,7.38
2017-03-28,5.74
2017-03-29,6.88
2017-03-30,7.22
2017-03-31,7.08
2017-04-01,6.65
2017-04-02,3.78
2017-04-03,5.1
2017-04-04,6.28
2017-04-05,6.42
2017-04-06,5.39
2017-04-07,6.47
2017-04-08,6.77
2017-04-09,5.94
2017-04-10,6.39
2017-04-11,3.76
2017-04-12,4.47
2017-04-13,2.4
2017-04-14,7.13
2017-04-15,2.87
2017-04-16,5.38
2017-04-17,6.4
2017-04-18,6.06
2017-04-19,6.56
2017-04-20,6.96
2017-04-21,6.98
2017-04-22,6.09
2017-04-23,5.39
2017-04-24,6.84
2017-04-25,5.58
2017-04-26,6.67
2017-04-27,5.92
2017-04-28,5.89
2017-04-29,7.09
2017-04-30,6.56
2017-05-01,7.01
2017-05-02,7.0
2017-05-03,6.29
2017-05-04,5.64
2017-05-05,6.82
2017-05-06,5.21
2017-05-07,6.46
2017-05-08,6.32
2017-05-09,2.63
2017-05-10,4.52
2017-05-11,5.92
2017-05-12,6.67
2017-05-13,7.15
2017-05-14,6.26
2017-05-15,4.85
2017-05-16,6.14
2017-05-17,6.59
2017-05-18,5.28
2017-05-19,6.45
2017-05-20,6.62
2017-05-21,3.6
2017-05-22,6.37
2017-05-23,5.88
2017-05-24,4.77
2017-05-25,7.04
2017-05-26,4.22
2017-05-27,6.46
2017-05-28,6.8
2017-05-29,6.6
2017-05-30,6.71
2017-05-31,5.94
2017-06-01,4.79
2017-06-02,6.71
2017-06-03,6.23
2017-06-04,4.89
2017-06-05,6.52
2017-06-06,6.73
2017-06-07,5.81
2017-06-08,5.71
2017-06-09,6.8
2017-06-10,6.67
2017-06-11,3.16
2017-06-12,6.08
2017-06-13,2.77
2017-06-14,4.28
2017-06-15,6.49
2017-06-16,2.94
2017-06-17,5.64
2017-06-18,5.5
2017-06-19,5.86
2017-06-20,5.53
2017-06-21,2.79
2017-06-22,5.32
2017-06-23,6.5
2017-06-24,6.51
2017-06-25,5.75
2017-06-26,6.68
2017-06-27,5.93
2017-06-28,4.16
2017-06-29,6.03
2017-06-30,6.76
2017-07-01,4.15
2017-07-02,5.42
2017-07-03,6.06
2017-07-04,6.16
2017-07-05,2.84
2017-07-06,5.11
2017-07-07,6.22
2017-07-08,4.77
2017-07-09,3.32
2017-07-10,5.0
2017-07-11,4.46
2017-07-12,5.95
2017-07-13,5.9
2017-07-14,3.41
2017-07-15,4.68
2017-07-16,7.04
2017-07-17,5.48
2017-07-18,4.65
2017-07-19,6.48
2017-07-20,6.34
2017-07-21,1.57
2017-07-22,5.82
2017-07-23,6.98
2017-07-24,2.82
2017-07-25,3.86
2017-07-26,5.33
2017-07-27,6.08
2017-07-28,2.4
2017-07-29,6.1
2017-07-30,6.74
2017-07-31,3.18
2017-08-01,3.16
2017-08-02,6.2
2017-08-03,1.79
2017-08-04,5.4
2017-08-05,4.2
2017-08-06,5.24
2017-08-07,3.69
2017-08-08,6.74
2017-08-09,4.45
2017-08-10,3.13
2017-08-11,5.85
2017-08-12,6.51
2017-08-13,3.42
2017-08-14,4.74
2017-08-15,2.86
2017-08-16,3.31
2017-08-17,4.19
2017-08-18,5.5
2017-08-19,5.08
2017-08-20,3.81
2017-08-21,5.47
2017-08-22,3.17
2017-08-23,5.95
2017-08-24,5.22
2017-08-25,3.32
2017-08-26,4.72
2017-08-27,2.17
2017-08-28,5.65
2017-08-29,2.98
2017-08-30,4.46
2017-08-31,6.05
2017-09-01,6.69
2017-09-02,2.99
2017-09-03,4.69
2017-09-04,4.74
2017-09-05,5.14
2017-09-06,5.57
2017-09-07,6.3
2017-09-08,2.97
2017-09-09,6.68
2017-09-10,7.02
2017-09-11,6.75
2017-09-12,3.48
2017-09-13,5.52
2017-09-14,6.42
2017-09-15,3.38
2017-09-16,6.41
2017-09-17,1.32
2017-09-18,6.81
2017-09-19,6.75
2017-09-20,3.43
2017-09-21,7.03
2017-09-22,5.08
2017-09-23,2.81
2017-09-24,4.44
2017-09-25,4.67
2017-09-26,6.15
2017-09-27,5.2
2017-09-28,6.7
2017-09-29,3.05
2017-09-30,6.26
2017-10-01,6.73
2017-10-02,6.73
2017-10-03,1.8
2017-10-04,5.6
2017-10-05,6.02
2017-10-06,5.77
2017-10-07,6.2
2017-10-08,5.38
2017-10-09,5.84
2017-10-10,6.52
2017-10-11,5.48
2017-10-12,5.68
2017-10-13,6.3
2017-10-14,5.86
2017-10-15,6.31
2017-10-16,6.02
2017-10-17,5.55
2017-10-18,6.42
2017-10-19,6.65
2017-10-20,6.85
2017-10-21,6.77
2017-10-22,6.86
2017-10-23,6.37
2017-10-24,6.28
2017-10-25,6.37
2017-10-26,6.61
2017-10-27,6.22
2017-10-28,5.65
2017-10-29,3.89
2017-10-30,5.26
2017-10-31,5.2
2017-11-01,5.28
2017-11-02,6.07
2017-11-03,5.72
2017-11-04,6.25
2017-11-05,6.5
2017-11-06,6.76
2017-11-07,6.69
2017-11-08,6.5
2017-11-09,6.52
2017-11-10,6.42
2017-11-11,6.28
2017-11-12,5.98
2017-11-13,6.14
2017-11-14,6.05
2017-11-15,5.35
2017-11-16,5.89
2017-11-17,5.36
2017-11-18,5.88
2017-11-19,5.68
2017-11-20,6.1
2017-11-21,5.63
2017-11-22,6.01
2017-11-23,5.79
2017-11-24,6.2
2017-11-25,6.26
2017-11-26,6.27
2017-11-27,5.55
2017-11-28,6.22
2017-11-29,5.96
2017-11-30,6.22
2017-12-01,5.43
2017-12-02,5.8
2017-12-03,5.93
2017-12-04,5.39
2017-12-05,6.25
2017-12-06,5.9
2017-12-07,4.73
2017-12-08,4.62
2017-12-09,5.04
2017-12-10,5.2
2017-12-11,5.63
2017-12-12,5.83
2017-12-13,6.11
2017-12-14,6.04
2017-12-15,5.02
2017-12-16,5.66
2017-12-17,5.78
2017-12-18,5.98
2017-12-19,6.14
2017-12-20,5.98
2017-12-21,6.06
2017-12-22,4.87
2017-12-23,5.66
2017-12-24,5.13
2017-12-25,4.29
2017-12-26,5.26
2017-12-27,5.79
2017-12-28,5.93
2017-12-29,5.72
2017-12-30,6.08
2017-12-31,5.38
2018-01-01,4.28
2018-01-02,5.33
2018-01-03,5.98
2018-01-04,6.64
2018-01-05,6.08
2018-01-06,6.16
2018-01-07,6.25
2018-01-08,6.27
2018-01-09,6.38
2018-01-10,6.29
2018-01-11,6.21
2018-01-12,6.19
2018-01-13,6.36
2018-01-14,6.36
2018-01-15,6.13
2018-01-16,6.16
2018-01-17,6.41
2018-01-18,6.72
2018-01-19,6.61
2018-01-20,6.5
2018-01-21,6.2
2018-01-22,6.16
2018-01-23,6.14
2018-01-24,5.96
2018-01-25,6.54
2018-01-26,5.7
2018-01-27,5.83
2018-01-28,6.26
2018-01-29,6.06
2018-01-30,6.08
2018-01-31,6.5
2018-02-01,6.43
2018-02-02,6.47
2018-02-03,6.8
2018-02-04,6.74
2018-02-05,6.94
2018-02-06,6.82
2018-02-07,6.74
2018-02-08,6.44
2018-02-09,6.3
2018-02-10,6.01
2018-02-11,6.35
2018-02-12,6.18
2018-02-13,5.71
2018-02-14,5.42
2018-02-15,5.07
2018-02-16,5.68
2018-02-17,5.26
2018-02-18,4.79
2018-02-19,4.69
2018-02-20,5.58
2018-02-21,6.31
2018-02-22,4.95
2018-02-23,4.74
2018-02-24,5.61
2018-02-25,6.14
2018-02-26,6.48
2018-02-27,6.04
2018-02-28,5.78
2018-03-01,6.55
2018-03-02,6.42
2018-03-03,6.84
2018-03-04,7.23
2018-03-05,7.28
2018-03-06,7.07
2018-03-07,6.86
2018-03-08,6.29
2018-03-09,6.29
2018-03-10,7.01
2018-03-11,7.37
2018-03-12,7.1
2018-03-13,6.89
2018-03-14,7.08
2018-03-15,6.49
2018-03-16,7.18
2018-03-17,6.9
2018-03-18,6.98
2018-03-19,7.46
2018-03-20,6.5
2018-03-21,7.04
2018-03-22,6.42
2018-03-23,5.85
2018-03-24,6.39
2018-03-25,5.88
2018-03-26,4.89
2018-03-27,5.3
2018-03-28,5.71
2018-03-29,4.15
2018-03-30,3.48
2018-03-31,3.56
2018-04-01,3.55
2018-04-02,3.99
2018-04-03,5.28
2018-04-04,4.94
2018-04-05,6.02
2018-04-06,5.73
2018-04-07,6.29
2018-04-08,5.21
2018-04-09,6.13
2018-04-10,6.39
2018-04-11,6.95
2018-04-12,6.66
2018-04-13,6.96
2018-04-14,6.3
2018-04-15,5.85
2018-04-16,6.63
2018-04-17,7.04
2018-04-18,3.99
2018-04-19,6.57
2018-04-20,6.67
2018-04-21,6.88
2018-04-22,5.51
2018-04-23,6.22
2018-04-24,6.9
2018-04-25,5.64
2018-04-26,6.48
2018-04-27,6.23
2018-04-28,7.08
2018-04-29,5.9
2018-04-30,6.51
2018-05-01,6.77
2018-05-02,4.48
2018-05-03,4.8
2018-05-04,6.74
2018-05-05,5.59
2018-05-06,6.62
2018-05-07,6.46
2018-05-08,5.22
2018-05-09,5.31
2018-05-10,5.91
2018-05-11,6.44
2018-05-12,2.16
2018-05-13,6.35
2018-05-14,2.96
2018-05-15,6.12
2018-05-16,6.29
2018-05-17,6.48
2018-05-18,5.73
2018-05-19,7.06
2018-05-20,5.75
2018-05-21,6.02
2018-05-22,5.95
2018-05-23,7.3
2018-05-24,5.35
2018-05-25,4.86
2018-05-26,6.35
2018-05-27,5.38
2018-05-28,5.95
2018-05-29,5.56
2018-05-30,5.2
2018-05-31,5.74
2018-06-01,5.91
2018-06-02,2.89
2018-06-03,6.62
2018-06-04,6.44
2018-06-05,6.52
2018-06-06,6.29
2018-06-07,5.35
2018-06-08,6.93
2018-06-09,7.15
2018-06-10,6.27
2018-06-11,3.26
2018-06-12,4.72
2018-06-13,6.5
2018-06-14,5.18
2018-06-15,6.86
2018-06-16,2.62
2018-06-17,3.45
2018-06-18,5.49
2018-06-19,2.8
2018-06-20,5.75
2018-06-21,5.42
2018-06-22,4.85
2018-06-23,4.65
2018-06-24,5.56
2018-06-25,5.01
2018-06-26,4.09
2018-06-27,6.22
2018-06-28,5.65
2018-06-29,3.89
2018-06-30,5.44
2018-07-01,1.63
2018-07-02,6.18
2018-07-03,5.04
2018-07-04,6.46
2018-07-05,4.26
2018-07-06,5.74
2018-07-07,4.25
2018-07-08,6.27
2018-07-09,5.77
2018-07-10,6.72
2018-07-11,5.36
2018-07-12,6.37
2018-07-13,6.59
2018-07-14,5.29
2018-07-15,6.19
2018-07-16,2.17
2018-07-17,5.3
2018-07-18,5.87
2018-07-19,5.07
2018-07-20,6.36
2018-07-21,3.22
2018-07-22,4.68
2018-07-23,5.98
2018-07-24,5.13
2018-07-25,6.0
2018-07-26,1.84
2018-07-27,4.9
2018-07-28,5.66
2018-07-29,4.55
2018-07-30,3.78
2018-07-31,4.29
2018-08-01,4.35
2018-08-02,5.13
2018-08-03,6.5
2018-08-04,6.31
2018-08-05,3.98
2018-08-06,4.7
2018-08-07,6.33
2018-08-08,1.25
2018-08-09,5.74
2018-08-10,6.98
2018-08-11,3.47
2018-08-12,5.56
2018-08-13,6.87
2018-08-14,4.63
2018-08-15,6.74
2018-08-16,4.87
2018-08-17,5.23
2018-08-18,6.52
2018-08-19,2.64
2018-08-20,5.01
2018-08-21,4.32
2018-08-22,4.84
2018-08-23,5.23
2018-08-24,2.62
2018-08-25,3.91
2018-08-26,5.83
2018-08-27,4.79
2018-08-28,2.92
2018-08-29,6.65
2018-08-30,3.66
2018-08-31,6.08
2018-09-01,3.44
2018-09-02,5.25
2018-09-03,3.62
2018-09-04,5.07
2018-09-05,5.82
2018-09-06,4.42
2018-09-07,5.62
2018-09-08,4.77
2018-09-09,5.5
2018-09-10,3.85
2018-09-11,5.73
2018-09-12,5.19
2018-09-13,6.47
2018-09-14,3.29
2018-09-15,6.51
2018-09-16,4.98
2018-09-17,6.4
2018-09-18,5.56
2018-09-19,6.6
2018-09-20,6.36
2018-09-21,5.49
2018-09-22,6.69
2018-09-23,6.2
2018-09-24,3.36
2018-09-25,6.67
2018-09-26,6.58
2018-09-27,4.87
2018-09-28,6.16
2018-09-29,6.83
2018-09-30,5.48
2018-10-01,6.63
2018-10-02,6.64
2018-10-03,5.62
2018-10-04,6.2
2018-10-05,6.62
2018-10-06,5.58
2018-10-07,6.69
2018-10-08,6.74
2018-10-09,6.1
2018-10-10,5.45
2018-10-11,6.66
2018-10-12,5.8
2018-10-13,5.61
2018-10-14,5.91
2018-10-15,6.82
2018-10-16,6.82
2018-10-17,6.46
2018-10-18,6.2
2018-10-19,6.81
2018-10-20,6.69
2018-10-21,6.85
2018-10-22,6.21
2018-10-23,5.48
2018-10-24,5.71
2018-10-25,5.26
2018-10-26,6.04
2018-10-27,5.89
2018-10-28,5.58
2018-10-29,5.96
2018-10-30,6.55
2018-10-31,5.89
2018-11-01,6.72
2018-11-02,6.21
2018-11-03,6.34
2018-11-04,5.94
2018-11-05,5.22
2018-11-06,5.98
2018-11-07,5.3
2018-11-08,6.33
2018-11-09,6.67
2018-11-10,6.7
2018-11-11,6.42
2018-11-12,6.24
2018-11-13,6.33
2018-11-14,6.3
2018-11-15,6.47
2018-11-16,5.95
2018-11-17,6.06
2018-11-18,5.97
2018-11-19,5.48
2018-11-20,4.96
2018-11-21,6.38
2018-11-22,6.46
2018-11-23,6.35
2018-11-24,6.33
2018-11-25,5.33
2018-11-26,5.59
2018-11-27,6.3
2018-11-28,6.15
2018-11-29,6.06
2018-11-30,5.84
2018-12-01,5.46
2018-12-02,4.83
2018-12-03,4.69
2018-12-04,5.56
2018-12-05,5.64
2018-12-06,5.82
2018-12-07,5.65
2018-12-08,4.92
2018-12-09,5.9
2018-12-10,6.1
2018-12-11,6.15
2018-12-12,5.9
2018-12-13,6.06
2018-12-14,6.23
2018-12-15,6.4
2018-12-16,6.26
2018-12-17,6.26
2018-12-18,4.77
2018-12-19,5.26
2018-12-20,5.87
2018-12-21,5.77
2018-12-22,6.17
2018-12-23,5.94
2018-12-24,4.74
2018-12-25,5.69
2018-12-26,5.62
2018-12-27,5.89
2018-12-28,5.92
2018-12-29,5.76
2018-12-30,5.44
2018-12-31,5.81
2019-01-01,5.72
2019-01-02,5.94
2019-01-03,5.11
2019-01-04,5.32
2019-01-05,5.78
2019-01-06,6.04
2019-01-07,5.35
2019-01-08,4.95
2019-01-09,6.07
2019-01-10,6.16
2019-01-11,6.1
2019-01-12,5.88
2019-01-13,5.67
2019-01-14,5.81
2019-01-15,4.89
2019-01-16,5.59
2019-01-17,6.24
2019-01-18,6.49
2019-01-19,6.34
2019-01-20,6.12
2019-01-21,6.46
2019-01-22,6.22
2019-01-23,6.46
2019-01-24,6.05
2019-01-25,6.09
2019-01-26,5.64
2019-01-27,6.12
2019-01-28,5.64
2019-01-29,5.09
2019-01-30,5.94
2019-01-31,6.17
2019-02-01,6.47
2019-02-02,5.8
2019-02-03,5.4
2019-02-04,6.11
2019-02-05,5.76
2019-02-06,5.68
2019-02-07,6.06
2019-02-08,6.01
2019-02-09,5.55
2019-02-10,5.6
2019-02-11,5.78
2019-02-12,5.57
2019-02-13,5.73
2019-02-14,6.35
2019-02-15,5.17
2019-02-16,5.38
2019-02-17,5.96
2019-02-18,6.35
2019-02-19,6.64
2019-02-20,6.02
2019-02-21,6.06
2019-02-22,6.13
2019-02-23,5.85
2019-02-24,4.58
2019-02-25,3.67
2019-02-26,4.53
2019-02-27,4.88
2019-02-28,3.55
2019-03-01,6.36
2019-03-02,6.7
2019-03-03,6.92
2019-03-04,6.88
2019-03-05,6.98
2019-03-06,6.94
2019-03-07,6.0
2019-03-08,5.52
2019-03-09,6.7
2019-03-10,7.24
2019-03-11,7.23
2019-03-12,6.92
2019-03-13,7.16
2019-03-14,6.79
2019-03-15,6.41
2019-03-16,5.92
2019-03-17,6.14
2019-03-18,6.88
2019-03-19,7.6
2019-03-20,7.24
2019-03-21,6.57
2019-03-22,6.51
2019-03-23,6.74
2019-03-24,6.26
2019-03-25,6.16
2019-03-26,6.61
2019-03-27,7.17
2019-03-28,6.81
2019-03-29,7.09
2019-03-30,7.39
2019-03-31,6.41
2019-04-01,6.56
2019-04-02,6.78
2019-04-03,7.27
2019-04-04,7.46
2019-04-05,7.22
2019-04-06,6.4
2019-04-07,6.08
2019-04-08,6.35
2019-04-09,6.74
2019-04-10,6.49
2019-04-11,5.81
2019-04-12,6.7
2019-04-13,3.29
2019-04-14,5.84
2019-04-15,6.47
2019-04-16,4.07
2019-04-17,6.37
2019-04-18,5.2
2019-04-19,5.32
2019-04-20,5.96
2019-04-21,6.39
2019-04-22,4.5
2019-04-23,5.93
2019-04-24,6.08
2019-04-25,7.16
2019-04-26,6.45
2019-04-27,6.6
2019-04-28,7.47
2019-04-29,7.0
2019-04-30,6.61
2019-05-01,6.68
2019-05-02,6.85
2019-05-03,2.33
2019-05-04,6.37
2019-05-05,7.11
2019-05-06,6.46
2019-05-07,6.34
2019-05-08,4.47
2019-05-09,7.03
2019-05-10,3.41
2019-05-11,6.47
2019-05-12,3.59
2019-05-13,6.69
2019-05-14,6.33
2019-05-15,6.92
2019-05-16,2.64
2019-05-17,6.81
2019-05-18,6.16
2019-05-19,5.82
2019-05-20,5.37
2019-05-21,5.18
2019-05-22,6.27
2019-05-23,6.61
2019-05-24,7.19
2019-05-25,6.21
2019-05-26,5.99
2019-05-27,3.88
2019-05-28,6.71
2019-05-29,5.41
2019-05-30,4.66
2019-05-31,6.36
2019-06-01,6.36
2019-06-02,3.25
2019-06-03,5.91
2019-06-04,5.45
2019-06-05,5.46
2019-06-06,5.85
2019-06-07,2.55
2019-06-08,5.02
2019-06-09,6.38
2019-06-10,3.87
2019-06-11,5.97
2019-06-12,4.82
2019-06-13,5.29
2019-06-14,6.38
2019-06-15,4.96
2019-06-16,6.82
2019-06-17,7.09
2019-06-18,6.73
2019-06-19,5.83
2019-06-20,6.48
2019-06-21,6.5
2019-06-22,6.79
2019-06-23,5.89
2019-06-24,5.16
2019-06-25,6.2
2019-06-26,4.95
2019-06-27,4.4
2019-06-28,4.75
2019-06-29,6.76
2019-06-30,6.46
2019-07-01,1.92
2019-07-02,6.12
2019-07-03,6.52
2019-07-04,4.82
2019-07-05,3.32
2019-07-06,6.94
2019-07-07,6.81
2019-07-08,4.49
2019-07-09,3.73
2019-07-10,5.93
2019-07-11,1.61
2019-07-12,5.56
2019-07-13,5.98
2019-07-14,3.27
2019-07-15,5.63
2019-07-16,6.15
2019-07-17,6.85
2019-07-18,5.87
2019-07-19,4.08
2019-07-20,6.12
2019-07-21,2.73
2019-07-22,4.79
2019-07-23,5.65
2019-07-24,5.96
2019-07-25,6.09
2019-07-26,3.04
2019-07-27,5.42
2019-07-28,4.72
2019-07-29,3.97
2019-07-30,6.44
2019-07-31,5.95
2019-08-01,4.0
2019-08-02,4.9
2019-08-03,2.45
2019-08-04,4.48
2019-08-05,5.25
2019-08-06,4.51
2019-08-07,4.37
2019-08-08,4.39
2019-08-09,5.11
2019-08-10,5.93
2019-08-11,5.08
2019-08-12,5.2
2019-08-13,5.96
2019-08-14,3.86
2019-08-15,5.48
2019-08-16,1.93
2019-08-17,5.53
2019-08-18,5.74
2019-08-19,5.48
2019-08-20,4.21
2019-08-21,4.81
2019-08-22,6.31
2019-08-23,2.88
2019-08-24,5.71
2019-08-25,4.29
2019-08-26,3.64
2019-08-27,5.17
2019-08-28,5.84
2019-08-29,3.56
2019-08-30,6.48
2019-08-31,3.4
2019-09-01,5.04
2019-09-02,2.26
2019-09-03,6.73
2019-09-04,5.22
2019-09-05,6.92
2019-09-06,3.6
2019-09-07,6.62
2019-09-08,3.89
2019-09-09,3.58
2019-09-10,5.56
2019-09-11,4.3
2019-09-12,6.65
2019-09-13,4.96
2019-09-14,6.39
2019-09-15,4.64
2019-09-16,4.94
2019-09-17,6.16
2019-09-18,6.5
2019-09-19,3.72
2019-09-20,5.7
2019-09-21,3.93
2019-09-22,5.76
2019-09-23,6.15
2019-09-24,5.26
2019-09-25,5.87
2019-09-26,4.59
2019-09-27,6.54
2019-09-28,6.39
2019-09-29,3.19
2019-09-30,5.95
2019-10-01,5.06
2019-10-02,3.94
2019-10-03,4.81
2019-10-04,3.57
2019-10-05,5.86
2019-10-06,4.08
2019-10-07,5.24
2019-10-08,5.2
2019-10-09,3.44
2019-10-10,5.68
2019-10-11,6.09
2019-10-12,6.54
2019-10-13,6.32
2019-10-14,6.29
2019-10-15,5.16
2019-10-16,5.82
2019-10-17,4.31
2019-10-18,5.71
2019-10-19,3.93
2019-10-20,5.61
2019-10-21,5.08
2019-10-22,4.65
2019-10-23,5.98
2019-10-24,5.36
2019-10-25,4.55
2019-10-26,5.12
2019-10-27,3.87
2019-10-28,3.83
2019-10-29,6.21
2019-10-30,6.51
2019-10-31,6.34
2019-11-01,6.42
2019-11-02,5.48
2019-11-03,6.21
2019-11-04,6.42
2019-11-05,6.49
2019-11-06,6.59
2019-11-07,6.56
2019-11-08,6.46
2019-11-09,6.18
2019-11-10,5.2
2019-11-11,5.86
2019-11-12,5.69
2019-11-13,5.8
2019-11-14,5.79
2019-11-15,5.23
2019-11-16,5.99
2019-11-17,5.71
2019-11-18,6.14
2019-11-19,6.02
2019-11-20,5.62
2019-11-21,5.73
2019-11-22,5.25
2019-11-23,5.11
2019-11-24,5.66
2019-11-25,6.29
2019-11-26,6.02
2019-11-27,6.04
2019-11-28,5.84
2019-11-29,5.8
2019-11-30,5.96
2019-12-01,6.31
2019-12-02,6.12
2019-12-03,5.85
2019-12-04,6.14
2019-12-05,6.14
2019-12-06,6.22
2019-12-07,6.14
2019-12-08,6.19
2019-12-09,6.3
2019-12-10,6.11
2019-12-11,6.0
2019-12-12,5.96
2019-12-13,5.1
2019-12-14,5.67
2019-12-15,5.9
2019-12-16,6.01
2019-12-17,5.98
2019-12-18,5.99
2019-12-19,6.15
2019-12-20,6.29
2019-12-21,6.15
2019-12-22,6.18
2019-12-23,6.25
2019-12-24,6.19
2019-12-25,6.17
2019-12-26,5.78
2019-12-27,6.13
2019-12-28,6.2
2019-12-29,6.26
2019-12-30,6.26
2019-12-31,5.52
2020-01-01,5.98
2020-01-02,5.52
2020-01-03,5.28
2020-01-04,5.03
2020-01-05,5.32
2020-01-06,4.94
2020-01-07,5.83
2020-01-08,6.25
2020-01-09,5.94
2020-01-10,6.06
2020-01-11,6.33
2020-01-12,6.36
2020-01-13,6.47
2020-01-14,6.28
2020-01-15,6.32
2020-01-16,6.19
2020-01-17,5.95
2020-01-18,5.02
2020-01-19,5.31
2020-01-20,6.07
2020-01-21,6.49
2020-01-22,6.46
2020-01-23,6.39
2020-01-24,6.63
2020-01-25,6.69
2020-01-26,6.84
2020-01-27,6.68
2020-01-28,6.74
2020-01-29,6.08
2020-01-30,6.41
2020-01-31,6.18
2020-02-01,6.37
2020-02-02,6.33
2020-02-03,6.38
2020-02-04,5.96
2020-02-05,6.17
2020-02-06,6.27
2020-02-07,6.41
2020-02-08,5.96
2020-02-09,4.93
2020-02-10,5.37
2020-02-11,5.63
2020-02-12,5.75
2020-02-13,5.97
2020-02-14,6.7
2020-02-15,6.87
2020-02-16,6.92
2020-02-17,6.25
2020-02-18,5.36
2020-02-19,6.14
2020-02-20,5.71
2020-02-21,6.58
2020-02-22,6.97
2020-02-23,6.84
2020-02-24,6.89
2020-02-25,5.16
2020-02-26,5.86
2020-02-27,5.46
2020-02-28,6.17
2020-02-29,6.91
2020-03-01,6.37
2020-03-02,6.28
2020-03-03,5.9
2020-03-04,5.84
2020-03-05,4.82
2020-03-06,7.01
2020-03-07,6.39
2020-03-08,5.76
2020-03-09,6.72
2020-03-10,6.51
2020-03-11,6.57
2020-03-12,5.48
2020-03-13,3.8
2020-03-14,5.77
2020-03-15,6.55
2020-03-16,7.03
2020-03-17,6.38
2020-03-18,6.35
2020-03-19,6.57
2020-03-20,6.32
2020-03-21,6.75
2020-03-22,5.84
2020-03-23,6.5
2020-03-24,6.13
2020-03-25,6.84
2020-03-26,5.07
2020-03-27,5.58
2020-03-28,6.58
2020-03-29,5.51
2020-03-30,6.08
2020-03-31,6.11
2020-04-01,6.12
2020-04-02,5.9
2020-04-03,6.64
2020-04-04,5.37
2020-04-05,6.37
2020-04-06,6.6
2020-04-07,6.52
2020-04-08,6.33
2020-04-09,5.47
2020-04-10,6.07
2020-04-11,3.76
2020-04-12,6.73
2020-04-13,6.55
2020-04-14,6.41
2020-04-15,7.1
2020-04-16,7.8
2020-04-17,7.27
2020-04-18,7.25
2020-04-19,7.0
2020-04-20,4.17
2020-04-21,6.74
2020-04-22,7.01
2020-04-23,6.26
2020-04-24,6.51
2020-04-25,6.42
2020-04-26,6.61
2020-04-27,5.21
2020-04-28,6.63
2020-04-29,7.1
2020-04-30,6.56
2020-05-01,5.59
2020-05-02,5.58
2020-05-03,2.56
2020-05-04,4.46
2020-05-05,6.49
2020-05-06,6.22
2020-05-07,6.42
2020-05-08,6.5
2020-05-09,5.73
2020-05-10,6.5
2020-05-11,6.63
2020-05-12,6.65
2020-05-13,5.48
2020-05-14,6.22
2020-05-15,6.91
2020-05-16,6.84
2020-05-17,6.45
2020-05-18,5.89
2020-05-19,5.52
2020-05-20,6.59
2020-05-21,4.38
2020-05-22,6.79
2020-05-23,7.0
2020-05-24,4.41
2020-05-25,5.93
2020-05-26,6.15
2020-05-27,5.68
2020-05-28,6.03
2020-05-29,4.66
2020-05-30,4.93
2020-05-31,6.51
2020-06-01,3.7
2020-06-02,6.68
2020-06-03,4.53
2020-06-04,6.22
2020-06-05,6.27
2020-06-06,4.5
2020-06-07,7.21
2020-06-08,5.29
2020-06-09,6.43
2020-06-10,3.92
2020-06-11,4.14
2020-06-12,5.41
2020-06-13,3.25
2020-06-14,6.87
2020-06-15,3.9
2020-06-16,5.98
2020-06-17,5.51
2020-06-18,6.11
2020-06-19,5.91
2020-06-20,5.03
2020-06-21,3.9
2020-06-22,5.84
2020-06-23,6.95
2020-06-24,4.97
2020-06-25,6.72
2020-06-26,5.84
2020-06-27,6.73
2020-06-28,6.77
2020-06-29,3.23
2020-06-30,4.59
2020-07-01,6.01
2020-07-02,6.82
2020-07-03,4.77
2020-07-04,3.38
2020-07-05,5.69
2020-07-06,5.22
2020-07-07,4.41
2020-07-08,4.86
2020-07-09,5.05
2020-07-10,3.23
2020-07-11,5.22
2020-07-12,3.98
2020-07-13,6.42
2020-07-14,1.18
2020-07-15,6.0
2020-07-16,5.15
2020-07-17,4.08
2020-07-18,5.55
2020-07-19,5.81
2020-07-20,4.9
2020-07-21,4.68
2020-07-22,5.53
2020-07-23,6.27
2020-07-24,4.77
2020-07-25,5.8
2020-07-26,4.96
2020-07-27,5.73
2020-07-28,5.82
2020-07-29,6.0
2020-07-30,3.64
2020-07-31,6.81
2020-08-01,5.58
2020-08-02,1.27
2020-08-03,4.49
2020-08-04,6.2
2020-08-05,3.64
2020-08-06,3.84
2020-08-07,4.83
2020-08-08,5.69
2020-08-09,5.48
2020-08-10,5.79
2020-08-11,6.28
2020-08-12,6.42
2020-08-13,3.71
2020-08-14,5.65
2020-08-15,6.56
2020-08-16,5.55
2020-08-17,4.28
2020-08-18,5.19
2020-08-19,4.67
2020-08-20,3.6
2020-08-21,6.08
2020-08-22,5.51
2020-08-23,3.39
2020-08-24,5.91
2020-08-25,4.2
2020-08-26,5.35
2020-08-27,4.63
2020-08-28,5.2
2020-08-29,3.91
2020-08-30,6.09
2020-08-31,4.18
2020-09-01,5.67
2020-09-02,5.51
2020-09-03,2.85
2020-09-04,3.52
2020-09-05,6.56
2020-09-06,3.87
2020-09-07,6.09
2020-09-08,4.56
2020-09-09,5.21
2020-09-10,2.57
2020-09-11,4.55
2020-09-12,4.56
2020-09-13,5.36
2020-09-14,3.47
2020-09-15,5.74
2020-09-16,3.1
2020-09-17,5.78
2020-09-18,6.22
2020-09-19,5.6
2020-09-20,4.98
2020-09-21,2.62
2020-09-22,6.57
2020-09-23,3.74
2020-09-24,6.45
2020-09-25,4.13
2020-09-26,6.23
2020-09-27,4.41
2020-09-28,4.9
2020-09-29,4.71
2020-09-30,5.99
2020-10-01,4.56
2020-10-02,5.9
2020-10-03,5.09
2020-10-04,5.95
2020-10-05,6.24
2020-10-06,4.52
2020-10-07,5.97
2020-10-08,3.18
2020-10-09,6.66
2020-10-10,6.77
2020-10-11,6.66
2020-10-12,6.18
2020-10-13,5.09
2020-10-14,3.18
2020-10-15,5.56
2020-10-16,5.48
2020-10-17,5.86
2020-10-18,6.65
2020-10-19,6.75
2020-10-20,6.6
2020-10-21,6.64
2020-10-22,6.65
2020-10-23,6.17
2020-10-24,5.76
2020-10-25,5.75
2020-10-26,6.41
2020-10-27,6.63
2020-10-28,6.68
2020-10-29,6.63
2020-10-30,6.73
2020-10-31,6.3
2020-11-01,6.27
2020-11-02,5.48
2020-11-03,6.14
2020-11-04,6.15
2020-11-05,6.31
2020-11-06,6.64
2020-11-07,6.02
2020-11-08,6.38
2020-11-09,6.53
2020-11-10,6.59
2020-11-11,6.51
2020-11-12,6.37
2020-11-13,6.3
2020-11-14,6.29
2020-11-15,6.32
2020-11-16,6.5
2020-11-17,6.62
2020-11-18,6.56
2020-11-19,6.37
2020-11-20,6.28
2020-11-21,5.84
2020-11-22,5.92
2020-11-23,5.93
2020-11-24,5.78
2020-11-25,5.85
2020-11-26,6.09
2020-11-27,6.35
2020-11-28,6.34
2020-11-29,5.9
2020-11-30,6.35
2020-12-01,6.31
2020-12-02,6.29
2020-12-03,6.45
2020-12-04,6.21
2020-12-05,6.36
2020-12-06,6.25
2020-12-07,6.08
2020-12-08,6.25
2020-12-09,6.04
2020-12-10,5.75
2020-12-11,5.68
2020-12-12,5.81
2020-12-13,5.67
2020-12-14,6.11
2020-12-15,5.98
2020-12-16,6.13
2020-12-17,6.03
2020-12-18,5.85
2020-12-19,6.03
2020-12-20,6.08
2020-12-21,6.1
2020-12-22,5.66
2020-12-23,6.11
2020-12-24,6.06
2020-12-25,5.7
2020-12-26,5.67
2020-12-27,5.68
2020-12-28,5.15
2020-12-29,6.01
2020-12-30,6.07
2020-12-31,5.82
2021-01-01,5.73
2021-01-02,5.67
2021-01-03,5.85
2021-01-04,6.13
2021-01-05,6.44
2021-01-06,6.2
2021-01-07,6.18
2021-01-08,6.34
2021-01-09,5.89
2021-01-10,6.44
2021-01-11,6.53
2021-01-12,6.56
2021-01-13,6.49
2021-01-14,6.56
2021-01-15,6.36
2021-01-16,6.25
2021-01-17,6.42
2021-01-18,6.45
2021-01-19,6.41
2021-01-20,6.38
2021-01-21,6.15
2021-01-22,5.88
2021-01-23,5.9
2021-01-24,6.37
2021-01-25,6.55
2021-01-26,6.59
2021-01-27,6.56
2021-01-28,6.57
2021-01-29,5.7
2021-01-30,6.15
2021-01-31,6.3
2021-02-01,6.2
2021-02-02,6.53
2021-02-03,6.67
2021-02-04,6.6
2021-02-05,5.98
2021-02-06,6.68
2021-02-07,6.87
2021-02-08,6.87
2021-02-09,7.0
2021-02-10,6.46
2021-02-11,7.09
2021-02-12,6.75
2021-02-13,6.73
2021-02-14,6.27
2021-02-15,6.23
2021-02-16,6.74
2021-02-17,6.16
2021-02-18,4.38
2021-02-19,4.78
2021-02-20,5.28
2021-02-21,5.71
2021-02-22,6.06
2021-02-23,6.08
2021-02-24,6.29
2021-02-25,6.45
2021-02-26,6.52
2021-02-27,6.94
2021-02-28,6.99
2021-03-01,7.08
2021-03-02,6.88
2021-03-03,6.85
2021-03-04,6.97
2021-03-05,7.22
2021-03-06,6.04
2021-03-07,6.67
2021-03-08,7.28
2021-03-09,7.54
2021-03-10,7.15
2021-03-11,5.89
2021-03-12,5.79
2021-03-13,5.98
2021-03-14,6.01
2021-03-15,5.66
2021-03-16,5.34
2021-03-17,5.44
2021-03-18,5.86
2021-03-19,5.5
2021-03-20,5.83
2021-03-21,6.05
2021-03-22,6.52
2021-03-23,6.21
2021-03-24,5.78
2021-03-25,5.57
2021-03-26,5.0
2021-03-27,6.02
2021-03-28,5.4
2021-03-29,5.85
2021-03-30,5.95
2021-03-31,6.23
2021-04-01,6.99
2021-04-02,7.36
2021-04-03,7.32
2021-04-04,7.42
2021-04-05,7.4
2021-04-06,7.35
2021-04-07,6.71
2021-04-08,7.49
2021-04-09,6.62
2021-04-10,7.0
2021-04-11,6.5
2021-04-12,7.26
2021-04-13,5.18
2021-04-14,6.33
2021-04-15,6.47
2021-04-16,7.44
2021-04-17,7.11
2021-04-18,5.19
2021-04-19,6.47
2021-04-20,6.8
2021-04-21,6.73
2021-04-22,5.95
2021-04-23,6.07
2021-04-24,6.24
2021-04-25,6.94
2021-04-26,6.95
2021-04-27,6.72
2021-04-28,6.33
2021-04-29,6.57
2021-04-30,6.63
2021-05-01,5.96
2021-05-02,5.17
2021-05-03,5.24
2021-05-04,6.9
2021-05-05,4.46
2021-05-06,6.37
2021-05-07,3.07
2021-05-08,5.54
2021-05-09,5.8
2021-05-10,6.0
2021-05-11,6.58
2021-05-12,7.26
2021-05-13,5.92
2021-05-14,6.36
2021-05-15,6.19
2021-05-16,6.83
2021-05-17,5.09
2021-05-18,6.57
2021-05-19,6.98
2021-05-20,6.51
2021-05-21,5.12
2021-05-22,4.76
2021-05-23,5.61
2021-05-24,7.0
2021-05-25,6.77
2021-05-26,3.97
2021-05-27,7.18
2021-05-28,6.73
2021-05-29,5.69
2021-05-30,6.33
2021-05-31,6.01
2021-06-01,4.55
2021-06-02,5.01
2021-06-03,6.19
2021-06-04,1.57
2021-06-05,5.06
2021-06-06,5.89
2021-06-07,5.7
2021-06-08,6.44
2021-06-09,7.01
2021-06-10,6.35
2021-06-11,6.69
2021-06-12,3.56
2021-06-13,4.71
2021-06-14,5.59
2021-06-15,6.01
2021-06-16,3.95
2021-06-17,4.5
2021-06-18,6.06
2021-06-19,6.47
2021-06-20,6.13
2021-06-21,6.9
2021-06-22,4.6
2021-06-23,4.27
2021-06-24,4.49
2021-06-25,6.73
2021-06-26,6.86
2021-06-27,6.19
2021-06-28,3.55
2021-06-29,5.89
2021-06-30,4.07
2021-07-01,6.41
2021-07-02,6.48
2021-07-03,4.3
2021-07-04,4.54
2021-07-05,5.14
2021-07-06,6.57
2021-07-07,4.77
2021-07-08,4.58
2021-07-09,4.23
2021-07-10,5.65
2021-07-11,6.79
2021-07-12,3.26
2021-07-13,6.14
2021-07-14,6.4
2021-07-15,5.52
2021-07-16,2.44
2021-07-17,4.61
2021-07-18,4.11
2021-07-19,4.37
2021-07-20,5.04
2021-07-21,6.15
2021-07-22,4.41
2021-07-23,3.99
2021-07-24,6.21
2021-07-25,5.11
2021-07-26,4.05
2021-07-27,4.32
2021-07-28,4.68
2021-07-29,2.91
2021-07-30,4.57
2021-07-31,3.31
2021-08-01,5.25
2021-08-02,5.1
2021-08-03,5.28
2021-08-04,6.22
2021-08-05,5.44
2021-08-06,3.7
2021-08-07,5.51
2021-08-08,3.05
2021-08-09,4.04
2021-08-10,5.26
2021-08-11,5.32
2021-08-12,2.96
2021-08-13,5.09
2021-08-14,4.92
2021-08-15,4.23
2021-08-16,5.1
2021-08-17,4.27
2021-08-18,2.99
2021-08-19,2.79
2021-08-20,5.03
2021-08-21,5.16
2021-08-22,3.59
2021-08-23,5.98
2021-08-24,6.16
2021-08-25,2.35
2021-08-26,5.9
2021-08-27,6.97
2021-08-28,2.39
2021-08-29,4.79
2021-08-30,3.78
2021-08-31,6.36
2021-09-01,4.99
2021-09-02,4.13
2021-09-03,5.23
2021-09-04,4.32
2021-09-05,5.15
2021-09-06,4.86
2021-09-07,6.2
2021-09-08,6.16
2021-09-09,4.72
2021-09-10,3.52
2021-09-11,4.69
2021-09-12,5.09
2021-09-13,3.88
2021-09-14,5.09
2021-09-15,6.5
2021-09-16,6.37
2021-09-17,4.76
2021-09-18,6.46
2021-09-19,6.64
2021-09-20,5.44
2021-09-21,6.26
2021-09-22,4.6
2021-09-23,5.55
2021-09-24,6.23
2021-09-25,5.76
2021-09-26,6.45
2021-09-27,5.97
2021-09-28,5.84
2021-09-29,3.28
2021-09-30,6.76
2021-10-01,5.78
2021-10-02,5.93
2021-10-03,6.91
2021-10-04,5.5
2021-10-05,6.72
2021-10-06,6.4
2021-10-07,6.0
2021-10-08,6.37
2021-10-09,6.32
2021-10-10,5.17
2021-10-11,6.0
2021-10-12,6.83
2021-10-13,6.81
2021-10-14,6.95
2021-10-15,5.06
2021-10-16,1.77
2021-10-17,5.33
2021-10-18,6.41
2021-10-19,6.27
2021-10-20,4.63
2021-10-21,5.84
2021-10-22,5.24
2021-10-23,5.82
2021-10-24,6.06
2021-10-25,6.23
2021-10-26,4.77
2021-10-27,6.21
2021-10-28,6.41
2021-10-29,6.41
2021-10-30,6.24
2021-10-31,5.65
2021-11-01,5.55
2021-11-02,6.11
2021-11-03,5.76
2021-11-04,5.95
2021-11-05,5.87
2021-11-06,5.95
2021-11-07,5.54
2021-11-08,5.79
2021-11-09,6.4
2021-11-10,6.45
2021-11-11,6.32
2021-11-12,6.01
2021-11-13,6.15
2021-11-14,5.72
2021-11-15,6.17
2021-11-16,5.02
2021-11-17,6.07
2021-11-18,6.36
2021-11-19,6.37
2021-11-20,6.0
2021-11-21,6.1
2021-11-22,5.71
2021-11-23,6.03
2021-11-24,6.31
2021-11-25,6.61
2021-11-26,6.44
2021-11-27,6.32
2021-11-28,6.29
2021-11-29,6.21
2021-11-30,5.97
2021-12-01,6.11
2021-12-02,5.61
2021-12-03,5.69
2021-12-04,5.55
2021-12-05,5.93
2021-12-06,5.65
2021-12-07,5.09
2021-12-08,6.09
2021-12-09,5.77
2021-12-10,5.94
2021-12-11,5.93
2021-12-12,5.61
2021-12-13,5.96
2021-12-14,5.82
2021-12-15,4.88
2021-12-16,4.55
2021-12-17,5.23
2021-12-18,5.27
2021-12-19,5.59
2021-12-20,6.04
2021-12-21,5.92
2021-12-22,5.83
2021-12-23,5.48
2021-12-24,6.01
2021-12-25,5.75
2021-12-26,5.51
2021-12-27,5.41
2021-12-28,5.59
2021-12-29,5.04
2021-12-30,5.93
2021-12-31,5.97
2022-01-01,5.79
2022-01-02,5.92
2022-01-03,5.65
2022-01-04,5.04
2022-01-05,5.37
2022-01-06,5.45
2022-01-07,5.8
2022-01-08,5.98
2022-01-09,5.44
2022-01-10,5.41
2022-01-11,5.29
2022-01-12,5.34
2022-01-13,5.65
2022-01-14,5.38
2022-01-15,5.62
2022-01-16,5.66
2022-01-17,5.38
2022-01-18,5.21
2022-01-19,6.18
2022-01-20,6.32
2022-01-21,5.83
2022-01-22,6.55
2022-01-23,6.45
2022-01-24,6.6
2022-01-25,6.17
2022-01-26,5.93
2022-01-27,5.64
2022-01-28,5.42
2022-01-29,6.48
2022-01-30,6.49
2022-01-31,6.95
2022-02-01,5.87
2022-02-02,5.37
2022-02-03,6.07
2022-02-04,6.3
2022-02-05,5.46
2022-02-06,6.09
2022-02-07,6.34
2022-02-08,6.7
2022-02-09,6.83
2022-02-10,6.88
2022-02-11,6.18
2022-02-12,6.62
2022-02-13,6.53
2022-02-14,6.78
2022-02-15,6.25
2022-02-16,7.21
2022-02-17,7.09
2022-02-18,7.31
2022-02-19,6.57
2022-02-20,5.19
2022-02-21,6.34
2022-02-22,6.8
2022-02-23,7.21
2022-02-24,6.8
2022-02-25,6.78
2022-02-26,6.78
2022-02-27,6.7
2022-02-28,7.02
2022-03-01,7.13
2022-03-02,6.85
2022-03-03,6.94
2022-03-04,5.67
2022-03-05,6.73
2022-03-06,6.19
2022-03-07,5.81
2022-03-08,5.82
2022-03-09,5.34
2022-03-10,4.06
2022-03-11,4.43
2022-03-12,4.12
2022-03-13,4.58
2022-03-14,5.74
2022-03-15,5.81
2022-03-16,5.58
2022-03-17,5.8
2022-03-18,6.52
2022-03-19,6.94
2022-03-20,7.19
2022-03-21,6.92
2022-03-22,6.54
2022-03-23,4.92
2022-03-24,6.28
2022-03-25,6.02
2022-03-26,7.18
2022-03-27,7.13
2022-03-28,7.28
2022-03-29,6.8
2022-03-30,7.51
2022-03-31,7.58
2022-04-01,7.22
2022-04-02,7.25
2022-04-03,6.28
2022-04-04,5.97
2022-04-05,5.68
2022-04-06,7.05
2022-04-07,7.14
2022-04-08,6.41
2022-04-09,5.43
2022-04-10,5.46
2022-04-11,5.97
2022-04-12,3.13
2022-04-13,6.65
2022-04-14,6.08
2022-04-15,4.63
2022-04-16,6.77
2022-04-17,6.94
2022-04-18,1.18
2022-04-19,5.37
2022-04-20,5.84
2022-04-21,5.63
2022-04-22,6.36
2022-04-23,6.07
2022-04-24,6.28
2022-04-25,5.18
2022-04-26,6.59
2022-04-27,3.89
2022-04-28,6.84
2022-04-29,6.56
2022-04-30,6.21
2022-05-01,6.5
2022-05-02,6.86
2022-05-03,6.69
2022-05-04,4.51
2022-05-05,5.2
2022-05-06,7.0
2022-05-07,7.02
2022-05-08,6.59
2022-05-09,6.5
2022-05-10,6.6
2022-05-11,5.31
2022-05-12,6.31
2022-05-13,6.54
2022-05-14,4.1
2022-05-15,6.14
2022-05-16,6.85
2022-05-17,6.44
2022-05-18,3.92
2022-05-19,5.16
2022-05-20,6.08
2022-05-21,5.65
2022-05-22,6.8
2022-05-23,4.75
2022-05-24,6.61
2022-05-25,6.12
2022-05-26,6.98
2022-05-27,6.97
2022-05-28,7.1
2022-05-29,7.31
2022-05-30,6.92
2022-05-31,4.85
2022-06-01,6.61
2022-06-02,6.09
2022-06-03,6.45
2022-06-04,3.2
2022-06-05,3.73
2022-06-06,6.48
2022-06-07,6.8
2022-06-08,6.37
2022-06-09,4.77
2022-06-10,6.1
2022-06-11,6.61
2022-06-12,3.7
2022-06-13,4.1
2022-06-14,6.76
2022-06-15,4.17
2022-06-16,4.85
2022-06-17,4.14
2022-06-18,2.71
2022-06-19,5.42
2022-06-20,6.27
2022-06-21,4.93
2022-06-22,5.96
2022-06-23,5.93
2022-06-24,6.62
2022-06-25,6.14
2022-06-26,6.55
2022-06-27,3.0
2022-06-28,4.23
2022-06-29,5.34
2022-06-30,1.5
2022-07-01,5.24
2022-07-02,5.6
2022-07-03,5.47
2022-07-04,6.04
2022-07-05,6.21
2022-07-06,3.25
2022-07-07,7.15
2022-07-08,6.3
2022-07-09,5.5
2022-07-10,5.99
2022-07-11,6.73
2022-07-12,4.93
2022-07-13,4.37
2022-07-14,4.94
2022-07-15,5.35
2022-07-16,4.9
2022-07-17,3.15
2022-07-18,4.97
2022-07-19,2.38
2022-07-20,5.12
2022-07-21,4.35
2022-07-22,3.97
2022-07-23,5.27
2022-07-24,6.22
2022-07-25,5.63
2022-07-26,6.16
2022-07-27,2.56
2022-07-28,2.91
2022-07-29,3.68
2022-07-30,4.98
2022-07-31,5.59
2022-08-01,4.93
2022-08-02,2.4
2022-08-03,6.79
2022-08-04,6.89
2022-08-05,4.7
2022-08-06,5.96
2022-08-07,3.27
2022-08-08,5.59
2022-08-09,6.27
2022-08-10,5.35
2022-08-11,3.85
2022-08-12,4.34
2022-08-13,3.7
2022-08-14,5.41
2022-08-15,2.15
2022-08-16,4.49
2022-08-17,3.39
2022-08-18,1.77
2022-08-19,6.18
2022-08-20,5.36
2022-08-21,3.02
2022-08-22,5.44
2022-08-23,5.79
2022-08-24,1.52
2022-08-25,4.72
2022-08-26,5.33
2022-08-27,3.28
2022-08-28,3.31
2022-08-29,4.74
2022-08-30,6.77
2022-08-31,5.13
2022-09-01,3.72
2022-09-02,5.79
2022-09-03,4.13
2022-09-04,6.18
2022-09-05,4.8
2022-09-06,5.88
2022-09-07,6.46
2022-09-08,6.3
2022-09-09,5.06
2022-09-10,1.43
2022-09-11,5.42
2022-09-12,6.26
2022-09-13,3.72
2022-09-14,6.05
2022-09-15,5.3
2022-09-16,5.1
2022-09-17,3.92
2022-09-18,4.17
2022-09-19,4.88
2022-09-20,4.04
2022-09-21,6.12
2022-09-22,6.1
2022-09-23,4.29
2022-09-24,6.38
2022-09-25,5.33
2022-09-26,4.87
2022-09-27,2.91
2022-09-28,4.26
2022-09-29,5.56
2022-09-30,6.71
2022-10-01,6.58
2022-10-02,5.74
2022-10-03,5.79
2022-10-04,3.6
2022-10-05,6.22
2022-10-06,5.1
2022-10-07,4.66
2022-10-08,4.92
2022-10-09,6.13
2022-10-10,5.31
2022-10-11,4.76
2022-10-12,5.76
2022-10-13,5.65
2022-10-14,5.65
2022-10-15,6.47
2022-10-16,6.23
2022-10-17,6.66
2022-10-18,6.11
2022-10-19,6.26
2022-10-20,5.99
2022-10-21,6.08
2022-10-22,5.85
2022-10-23,4.63
2022-10-24,6.43
2022-10-25,6.12
2022-10-26,6.59
2022-10-27,6.65
2022-10-28,6.51
2022-10-29,6.46
2022-10-30,6.35
2022-10-31,6.42
2022-11-01,6.45
2022-11-02,5.49
2022-11-03,5.51
2022-11-04,6.56
2022-11-05,6.37
2022-11-06,6.47
2022-11-07,6.52
2022-11-08,6.5
2022-11-09,6.38
2022-11-10,5.85
2022-11-11,6.38
2022-11-12,6.42
2022-11-13,6.54
2022-11-14,6.52
2022-11-15,6.63
2022-11-16,6.47
2022-11-17,6.54
2022-11-18,6.39
2022-11-19,6.29
2022-11-20,6.32
2022-11-21,6.53
2022-11-22,6.49
2022-11-23,6.39
2022-11-24,6.14
2022-11-25,6.2
2022-11-26,6.41
2022-11-27,6.03
2022-11-28,5.74
2022-11-29,6.4
2022-11-30,6.19
2022-12-01,5.94
2022-12-02,5.6
2022-12-03,5.93
2022-12-04,6.02
2022-12-05,6.18
2022-12-06,6.14
2022-12-07,5.16
2022-12-08,6.18
2022-12-09,5.94
2022-12-10,6.12
2022-12-11,6.21
2022-12-12,6.45
2022-12-13,6.25
2022-12-14,6.1
2022-12-15,6.22
2022-12-16,6.04
2022-12-17,5.94
2022-12-18,5.85
2022-12-19,6.25
2022-12-20,6.19
2022-12-21,5.69
2022-12-22,4.85
2022-12-23,6.1
2022-12-24,4.43
2022-12-25,5.91
2022-12-26,6.12
2022-12-27,6.25
2022-12-28,6.33
2022-12-29,6.31
2022-12-30,6.23
2022-12-31,6.02
2023-01-01,6.05
2023-01-02,5.06
2023-01-03,5.58
2023-01-04,5.91
2023-01-05,5.76
2023-01-06,5.95
2023-01-07,6.21
2023-01-08,6.06
2023-01-09,6.46
2023-01-10,5.35
2023-01-11,5.72
2023-01-12,6.25
2023-01-13,6.37
2023-01-14,5.55
2023-01-15,6.41
2023-01-16,6.27
2023-01-17,5.49
2023-01-18,6.2
2023-01-19,6.36
2023-01-20,6.38
2023-01-21,6.4
2023-01-22,5.59
2023-01-23,5.91
2023-01-24,6.49
2023-01-25,5.53
2023-01-26,6.23
2023-01-27,5.66
2023-01-28,5.15
2023-01-29,5.98
2023-01-30,5.84
2023-01-31,6.3
2023-02-01,6.23
2023-02-02,6.12
2023-02-03,6.19
2023-02-04,6.34
2023-02-05,6.74
2023-02-06,7.03
2023-02-07,6.29
2023-02-08,6.76
2023-02-09,6.69
2023-02-10,7.02
2023-02-11,6.94
2023-02-12,6.72
2023-02-13,6.32
2023-02-14,6.28
2023-02-15,6.19
2023-02-16,5.12
2023-02-17,5.96
2023-02-18,6.59
2023-02-19,6.87
2023-02-20,6.65
2023-02-21,6.57
2023-02-22,6.54
2023-02-23,6.65
2023-02-24,6.97
2023-02-25,6.81
2023-02-26,6.66
2023-02-27,6.59
2023-02-28,6.16
2023-03-01,7.02
2023-03-02,7.25
2023-03-03,6.58
2023-03-04,5.05
2023-03-05,7.05
2023-03-06,6.01
2023-03-07,6.14
2023-03-08,6.59
2023-03-09,6.12
2023-03-10,5.43
2023-03-11,6.12
2023-03-12,7.18
2023-03-13,6.67
2023-03-14,7.44
2023-03-15,7.21
2023-03-16,6.71
2023-03-17,6.91
2023-03-18,5.75
2023-03-19,5.34
2023-03-20,5.8
2023-03-21,4.46
2023-03-22,3.73
2023-03-23,6.07
2023-03-24,5.48
2023-03-25,4.39
2023-03-26,4.94
2023-03-27,6.47
2023-03-28,7.08
2023-03-29,6.71
2023-03-30,7.31
2023-03-31,6.53
2023-04-01,6.35
2023-04-02,6.99
2023-04-03,6.84
2023-04-04,6.11
2023-04-05,7.03
2023-04-06,7.07
2023-04-07,6.84
2023-04-08,6.57
2023-04-09,6.08
2023-04-10,6.6
2023-04-11,5.12
2023-04-12,5.64
2023-04-13,5.5
2023-04-14,6.6
2023-04-15,6.72
2023-04-16,5.23
2023-04-17,6.85
2023-04-18,6.83
2023-04-19,5.62
2023-04-20,5.89
2023-04-21,6.31
2023-04-22,6.66
2023-04-23,6.69
2023-04-24,4.27
2023-04-25,6.66
2023-04-26,6.72
2023-04-27,5.81
2023-04-28,6.74
2023-04-29,5.21
2023-04-30,4.99
2023-05-01,5.75
2023-05-02,6.14
2023-05-03,6.11
2023-05-04,5.19
2023-05-05,6.04
2023-05-06,5.85
2023-05-07,7.28
2023-05-08,7.02
2023-05-09,6.76
2023-05-10,5.34
2023-05-11,5.8
2023-05-12,6.38
2023-05-13,6.23
2023-05-14,6.15
2023-05-15,5.87
2023-05-16,4.38
2023-05-17,1.95
2023-05-18,7.02
2023-05-19,5.31
2023-05-20,6.22
2023-05-21,6.16
2023-05-22,5.11
2023-05-23,6.63
2023-05-24,5.56
2023-05-25,6.65
2023-05-26,5.75
2023-05-27,6.22
2023-05-28,6.32
2023-05-29,6.05
2023-05-30,6.81
2023-05-31,4.14
2023-06-01,6.73
2023-06-02,6.87
2023-06-03,4.16
2023-06-04,6.26
2023-06-05,6.62
2023-06-06,6.0
2023-06-07,4.63
2023-06-08,6.73
2023-06-09,6.54
2023-06-10,6.24
2023-06-11,2.93
2023-06-12,4.55
2023-06-13,5.37
2023-06-14,6.77
2023-06-15,6.73
2023-06-16,6.59
2023-06-17,6.17
2023-06-18,5.91
2023-06-19,5.14
2023-06-20,5.76
2023-06-21,2.48
2023-06-22,4.97
2023-06-23,4.27
2023-06-24,4.18
2023-06-25,4.63
2023-06-26,6.09
2023-06-27,5.84
2023-06-28,2.77
2023-06-29,6.15
2023-06-30,6.68
2023-07-01,6.35
2023-07-02,6.43
2023-07-03,5.01
2023-07-04,5.69
2023-07-05,3.91
2023-07-06,6.24
2023-07-07,5.01
2023-07-08,6.24
2023-07-09,3.87
2023-07-10,6.12
2023-07-11,5.89
2023-07-12,6.1
2023-07-13,5.99
2023-07-14,5.59
2023-07-15,5.44
2023-07-16,6.29
2023-07-17,7.28
2023-07-18,6.21
2023-07-19,6.26
2023-07-20,4.45
2023-07-21,5.98
2023-07-22,6.26
2023-07-23,3.72
2023-07-24,6.92
2023-07-25,6.69
2023-07-26,5.49
2023-07-27,5.73
2023-07-28,2.41
2023-07-29,5.24
2023-07-30,4.06
2023-07-31,2.58
2023-08-01,5.47
2023-08-02,3.35
2023-08-03,4.26
2023-08-04,5.04
2023-08-05,3.54
2023-08-06,4.37
2023-08-07,3.81
2023-08-08,5.06
2023-08-09,3.02
2023-08-10,4.56
2023-08-11,5.66
2023-08-12,6.52
2023-08-13,5.76
2023-08-14,5.38
2023-08-15,5.97
2023-08-16,4.46
2023-08-17,6.9
2023-08-18,2.79
2023-08-19,4.85
2023-08-20,5.49
2023-08-21,6.36
2023-08-22,6.68
2023-08-23,3.84
2023-08-24,3.81
2023-08-25,6.71
2023-08-26,6.05
2023-08-27,3.65
2023-08-28,6.63
2023-08-29,5.16
2023-08-30,5.6
2023-08-31,6.08
2023-09-01,2.46
2023-09-02,7.13
2023-09-03,5.8
2023-09-04,4.25
2023-09-05,4.17
2023-09-06,6.9
2023-09-07,7.05
2023-09-08,1.87
2023-09-09,4.53
2023-09-10,6.27
2023-09-11,2.67
2023-09-12,6.92
2023-09-13,5.17
2023-09-14,1.52
2023-09-15,5.59
2023-09-16,3.34
2023-09-17,5.72
2023-09-18,5.61
2023-09-19,4.23
2023-09-20,6.93
2023-09-21,4.96
2023-09-22,6.14
2023-09-23,3.53
2023-09-24,6.89
2023-09-25,5.26
2023-09-26,6.73
2023-09-27,5.68
2023-09-28,6.51
2023-09-29,6.36
2023-09-30,5.61
2023-10-01,4.39
2023-10-02,6.18
2023-10-03,5.61
2023-10-04,3.65
2023-10-05,5.24
2023-10-06,1.42
2023-10-07,5.36
2023-10-08,5.47
2023-10-09,5.25
2023-10-10,5.47
2023-10-11,5.89
2023-10-12,4.14
2023-10-13,6.35
2023-10-14,6.13
2023-10-15,4.33
2023-10-16,4.56
2023-10-17,5.58
2023-10-18,5.87
2023-10-19,6.01
2023-10-20,5.88
2023-10-21,6.58
2023-10-22,6.49
2023-10-23,6.5
2023-10-24,6.66
2023-10-25,5.86
2023-10-26,6.6
2023-10-27,6.65
2023-10-28,6.59
2023-10-29,6.47
2023-10-30,6.09
2023-10-31,5.73
2023-11-01,3.48
2023-11-02,6.33
2023-11-03,5.48
2023-11-04,4.58
2023-11-05,4.65
2023-11-06,6.36
2023-11-07,5.95
2023-11-08,5.96
2023-11-09,6.13
2023-11-10,5.3
2023-11-11,3.87
2023-11-12,4.43
2023-11-13,5.07
2023-11-14,5.51
2023-11-15,4.56
2023-11-16,5.65
2023-11-17,5.59
2023-11-18,5.72
2023-11-19,5.72
2023-11-20,6.1
2023-11-21,5.45
2023-11-22,5.77
2023-11-23,5.79
2023-11-24,5.63
2023-11-25,5.65
2023-11-26,5.38
2023-11-27,6.05
2023-11-28,5.65
2023-11-29,4.7
2023-11-30,6.04
2023-12-01,6.16
2023-12-02,5.61
2023-12-03,5.96
2023-12-04,5.91
2023-12-05,5.96
2023-12-06,5.95
2023-12-07,5.89
2023-12-08,5.71
2023-12-09,6.19
2023-12-10,6.11
2023-12-11,5.72
2023-12-12,5.72
2023-12-13,5.54
2023-12-14,5.96
2023-12-15,6.21
2023-12-16,6.2
2023-12-17,6.24
2023-12-18,6.25
2023-12-19,6.2
2023-12-20,6.12
2023-12-21,6.1
2023-12-22,6.11
2023-12-23,5.76
2023-12-24,6.16
2023-12-25,5.66
2023-12-26,5.83
2023-12-27,5.97
2023-12-28,6.03
2023-12-29,6.33
2023-12-30,6.18
2023-12-31,6.22
2024-01-01,6.25
2024-01-02,6.16
2024-01-03,6.14
2024-01-04,6.2
2024-01-05,6.37
2024-01-06,6.39
2024-01-07,6.54
2024-01-08,6.57
2024-01-09,6.63
2024-01-10,6.45
2024-01-11,6.4
2024-01-12,6.42
2024-01-13,6.44
2024-01-14,6.61
2024-01-15,6.51
2024-01-16,6.81
2024-01-17,6.79
2024-01-18,6.67
2024-01-19,6.81
2024-01-20,6.77
2024-01-21,6.95
2024-01-22,6.88
2024-01-23,6.46
2024-01-24,5.89
2024-01-25,5.56
2024-01-26,5.15
2024-01-27,5.84
2024-01-28,6.26
2024-01-29,6.46
2024-01-30,6.54
2024-01-31,6.31
2024-02-01,5.68
2024-02-02,5.09
2024-02-03,6.38
2024-02-04,6.52
2024-02-05,6.43
2024-02-06,5.56
2024-02-07,6.04
2024-02-08,6.51
2024-02-09,6.52
2024-02-10,6.64
2024-02-11,6.75
2024-02-12,6.85
2024-02-13,6.99
2024-02-14,6.93
2024-02-15,6.95
2024-02-16,6.01
2024-02-17,6.34
2024-02-18,6.27
2024-02-19,6.14
2024-02-20,6.45
2024-02-21,6.64
2024-02-22,5.87
2024-02-23,4.44
2024-02-24,5.12
2024-02-25,5.01
2024-02-26,6.59
2024-02-27,6.9
2024-02-28,6.68
2024-02-29,6.59
2024-03-01,6.19
2024-03-02,5.59
2024-03-03,5.99
2024-03-04,6.64
2024-03-05,6.13
2024-03-06,6.17
2024-03-07,6.33
2024-03-08,6.11
2024-03-09,6.12
2024-03-10,6.28
2024-03-11,6.99
2024-03-12,6.96
2024-03-13,5.8
2024-03-14,5.72
2024-03-15,6.34
2024-03-16,6.91
2024-03-17,6.09
2024-03-18,5.05
2024-03-19,4.13
2024-03-20,5.21
2024-03-21,5.1
2024-03-22,6.13
2024-03-23,6.58
2024-03-24,7.01
2024-03-25,7.5
2024-03-26,7.26
2024-03-27,7.45
2024-03-28,6.66
2024-03-29,7.19
2024-03-30,6.85
2024-03-31,6.62
2024-04-01,5.28
2024-04-02,6.03
2024-04-03,6.47
2024-04-04,5.52
2024-04-05,5.36
2024-04-06,6.98
2024-04-07,6.76
2024-04-08,5.74
2024-04-09,6.18
2024-04-10,6.34
2024-04-11,6.9
2024-04-12,5.41
2024-04-13,6.67
2024-04-14,6.47
2024-04-15,5.89
2024-04-16,6.88
2024-04-17,6.5
2024-04-18,6.66
2024-04-19,4.78
2024-04-20,6.88
2024-04-21,6.33
2024-04-22,5.28
2024-04-23,5.56
2024-04-24,6.24
2024-04-25,6.29
2024-04-26,6.75
2024-04-27,6.53
2024-04-28,5.55
2024-04-29,7.19
2024-04-30,5.84
2024-05-01,6.68
2024-05-02,6.2
2024-05-03,6.55
2024-05-04,6.52
2024-05-05,5.03
2024-05-06,6.55
2024-05-07,6.55
2024-05-08,6.47
2024-05-09,6.55
2024-05-10,5.91
2024-05-11,6.47
2024-05-12,6.15
2024-05-13,4.39
2024-05-14,5.6
2024-05-15,6.52
2024-05-16,6.02
2024-05-17,6.92
2024-05-18,7.13
2024-05-19,6.2
2024-05-20,6.67
2024-05-21,6.17
2024-05-22,6.39
2024-05-23,6.39
2024-05-24,3.92
2024-05-25,5.0
2024-05-26,4.83
2024-05-27,7.02
2024-05-28,4.8
2024-05-29,6.18
2024-05-30,5.09
2024-05-31,6.6
2024-06-01,5.23
2024-06-02,6.26
2024-06-03,6.51
2024-06-04,5.21
2024-06-05,5.92
2024-06-06,5.57
2024-06-07,5.7
2024-06-08,6.34
2024-06-09,6.47
2024-06-10,4.02
2024-06-11,3.87
2024-06-12,6.67
2024-06-13,5.83
2024-06-14,3.09
2024-06-15,4.56
2024-06-16,5.62
2024-06-17,3.31
2024-06-18,5.88
2024-06-19,6.78
2024-06-20,6.19
2024-06-21,4.95
2024-06-22,6.39
2024-06-23,5.48
2024-06-24,4.37
2024-06-25,6.49
2024-06-26,5.76
2024-06-27,6.6
2024-06-28,5.06
2024-06-29,4.75
2024-06-30,6.27
2024-07-01,3.06
2024-07-02,6.74
2024-07-03,6.49
2024-07-04,1.86
2024-07-05,6.82
2024-07-06,3.64
2024-07-07,5.28
2024-07-08,6.18
2024-07-09,4.04
2024-07-10,3.76
2024-07-11,6.02
2024-07-12,2.23
2024-07-13,6.17
2024-07-14,4.01
2024-07-15,3.63
2024-07-16,5.59
2024-07-17,5.14
2024-07-18,1.96
2024-07-19,5.47
2024-07-20,4.5
2024-07-21,4.08
2024-07-22,5.44
2024-07-23,1.51
2024-07-24,5.67
2024-07-25,5.92
2024-07-26,4.93
2024-07-27,5.19
2024-07-28,3.83
2024-07-29,3.53
2024-07-30,3.31
2024-07-31,4.87
2024-08-01,3.45
2024-08-02,3.76
2024-08-03,5.09
2024-08-04,1.94
2024-08-05,5.65
2024-08-06,3.86
2024-08-07,4.51
2024-08-08,5.34
2024-08-09,5.55
2024-08-10,5.29
2024-08-11,4.42
2024-08-12,3.57
2024-08-13,4.04
2024-08-14,5.45
2024-08-15,1.74
2024-08-16,5.57
2024-08-17,5.19
2024-08-18,0.71
2024-08-19,2.39
2024-08-20,5.36
2024-08-21,5.52
2024-08-22,3.44
2024-08-23,6.05
2024-08-24,3.93
2024-08-25,1.06
2024-08-26,6.7
2024-08-27,5.95
2024-08-28,4.65
2024-08-29,0.8
2024-08-30,4.6
2024-08-31,3.01
2024-09-01,5.01
2024-09-02,3.57
2024-09-03,2.57
2024-09-04,2.89
2024-09-05,2.78
2024-09-06,5.48
2024-09-07,5.46
2024-09-08,6.21
2024-09-09,4.82
2024-09-10,6.07
2024-09-11,3.4
2024-09-12,4.96
2024-09-13,6.01
2024-09-14,6.36
2024-09-15,3.5
2024-09-16,6.07
2024-09-17,5.38
2024-09-18,4.91
2024-09-19,5.22
2024-09-20,4.78
2024-09-21,4.93
2024-09-22,5.16
2024-09-23,4.18
2024-09-24,3.67
2024-09-25,6.32
2024-09-26,6.45
2024-09-27,6.07
2024-09-28,6.05
2024-09-29,5.48
2024-09-30,6.39
2024-10-01,5.88
2024-10-02,4.66
2024-10-03,4.47
2024-10-04,1.81
2024-10-05,5.97
2024-10-06,2.7
2024-10-07,6.1
2024-10-08,6.26
2024-10-09,6.05
2024-10-10,6.0
2024-10-11,6.47
2024-10-12,5.32
2024-10-13,5.33
2024-10-14,2.68
2024-10-15,5.99
2024-10-16,5.03
2024-10-17,6.12
2024-10-18,5.72
2024-10-19,6.24
2024-10-20,3.6
2024-10-21,6.05
2024-10-22,6.1
2024-10-23,6.41
2024-10-24,6.34
2024-10-25,6.12
2024-10-26,6.35
2024-10-27,6.34
2024-10-28,6.36
2024-10-29,6.45
2024-10-30,6.45
2024-10-31,6.4
2024-11-01,5.93
2024-11-02,6.41
2024-11-03,6.02
2024-11-04,5.88
2024-11-05,6.24
2024-11-06,6.23
2024-11-07,6.21
2024-11-08,6.22
2024-11-09,6.21
2024-11-10,6.16
2024-11-11,6.21
2024-11-12,6.18
2024-11-13,6.03
2024-11-14,6.14
2024-11-15,6.18
2024-11-16,6.04
2024-11-17,5.59
2024-11-18,5.97
2024-11-19,5.94
2024-11-20,6.05
2024-11-21,6.21
2024-11-22,6.14
2024-11-23,6.23
2024-11-24,6.24
2024-11-25,6.22
2024-11-26,6.05
2024-11-27,6.16
2024-11-28,6.12
2024-11-29,5.93
2024-11-30,5.94
2024-12-01,5.83
2024-12-02,5.88
2024-12-03,6.06
2024-12-05,5.97
2024-12-06,5.86
2024-12-07,5.79
2024-12-08,5.24
2024-12-09,5.75
2024-12-10,5.63
2024-12-12,5.87
2024-12-13,5.62
2024-12-14,6.02
2024-12-15,5.62
2024-12-16,4.42
2024-12-17,4.55
2024-12-18,5.38
2024-12-19,5.54
2024-12-20,5.44
2024-12-21,5.8
2024-12-22,5.86
2024-12-23,5.82
2024-12-24,5.89
2024-12-25,5.95
2024-12-26,6.04
2024-12-27,6.01
2024-12-28,5.98
2024-12-29,5.95
2024-12-30,5.75
2024-12-31,5.91
2025-01-01,5.92
2025-01-02,5.71
2025-01-03,5.9
2025-01-04,5.85
2025-01-05,5.85
2025-01-06,5.74
2025-01-07,5.88
2025-01-08,5.94
2025-01-09,5.92
2025-01-10,5.93
2025-01-11,5.83
2025-01-12,5.95
2025-01-13,5.79
2025-01-14,5.83
2025-01-15,5.85
2025-01-16,5.87
2025-01-17,5.85
2025-01-18,5.81
2025-01-19,5.87
2025-01-20,5.41
2025-01-21,5.87
2025-01-22,6.02
2025-01-23,6.02
2025-01-24,5.86
2025-01-25,6.26
2025-01-26,6.3
2025-01-27,6.24
2025-01-28,6.2
2025-01-29,6.36
2025-01-30,6.41
2025-01-31,6.37
2025-02-01,5.97
2025-02-02,6.09
2025-02-03,6.13
2025-02-04,6.14
2025-02-05,6.09
2025-02-06,6.06
2025-02-07,5.68
2025-02-08,6.12
2025-02-09,6.0
2025-02-10,6.22
2025-02-11,6.2
2025-02-12,6.13
2025-02-13,6.19
2025-02-14,6.24
2025-02-15,6.26
2025-02-16,6.37
2025-02-17,5.56
2025-02-18,6.26
2025-02-19,6.16
2025-02-20,6.35
2025-02-21,6.21
2025-02-22,5.99
2025-02-23,5.87
2025-02-24,6.4
2025-02-25,6.47
2025-02-26,6.08
2025-02-27,5.98
2025-02-28,6.35
2025-03-01,6.25
2025-03-02,6.25
2025-03-03,6.28
2025-03-04,6.29
2025-03-05,6.42
2025-03-06,6.37
2025-03-07,6.45
2025-03-08,6.31
2025-03-09,6.14
2025-03-10,5.6
2025-03-11,6.44
2025-03-12,6.58
2025-03-13,6.57
2025-03-14,5.09
2025-03-15,5.5
2025-03-16,6.3
2025-03-17,6.65
2025-03-18,6.6
2025-03-19,6.62
2025-03-20,6.48
2025-03-21,6.66
2025-03-22,4.95
2025-03-23,4.5
2025-03-24,6.67
2025-03-25,6.67
2025-03-26,6.74
2025-03-28,6.71
2025-03-29,6.82
2025-03-30,6.58
2025-03-31,5.71
2025-04-01,5.85
2025-04-02,6.0
2025-04-03,6.45
2025-04-04,6.89
2025-04-05,6.81
2025-04-06,6.83
2025-04-07,6.91
2025-04-08,6.65
2025-04-09,6.19
2025-04-10,3.55
2025-04-11,6.24
2025-04-12,6.99
2025-04-13,7.04
2025-04-14,6.82
2025-04-15,5.18
2025-04-16,6.31
2025-04-17,6.6
2025-04-18,6.93
2025-04-19,6.88
2025-04-20,6.79
2025-04-21,5.52
2025-04-22,6.49
2025-04-23,6.79
2025-04-24,6.76
2025-04-25,6.56
2025-04-26,3.38
2025-04-27,6.02
2025-04-28,5.83
2025-04-29,6.55
2025-04-30,6.24
2025-05-01,5.77
2025-05-02,5.65
2025-05-03,4.78
2025-05-04,6.81
2025-05-05,6.79
2025-05-06,6.57
2025-05-07,5.47
2025-05-08,6.27
2025-05-09,6.76
2025-05-10,6.79
2025-05-11,6.37
2025-05-12,6.77
2025-05-13,6.74
2025-05-14,6.72
2025-05-15,4.55
2025-05-16,6.49
2025-05-17,3.09
2025-05-18,6.46
2025-05-19,6.53
2025-05-20,5.16
2025-05-21,6.35
2025-05-22,6.7
2025-05-23,6.62
2025-05-24,6.29
2025-05-25,6.67
2025-05-26,3.67
2025-05-27,6.31
2025-05-28,6.16
2025-05-29,6.44
2025-05-30,6.58
2025-05-31,6.65
2025-06-01,4.79
2025-06-02,3.79
2025-06-03,5.52
