daily_energy_kwh,budget_xaf,avg_cost,lifespan,install_type,label
0.4745765910349576,64129.83341573351,180656.92926753164,5.9347984148209845,0,standard_kit
0.39800890106754333,216915.54129907922,139435.39380212122,5.282351969434714,0,standard_kit
0.42749648622730446,127688.28835113104,141796.43548639334,4.330955181644692,1,standard_kit
0.21509077742880323,163498.27697076742,265115.27333354286,6.822296341397562,1,standard_kit
0.39237396350875275,444919.26792263857,193027.53469222013,6.395159859382355,1,standard_kit
0.2684178028261374,246222.14927985094,235850.3946256829,5.222152467573093,0,standard_kit
0.1404875697827207,173209.0961308605,97142.18980562862,3.8590049885864395,1,basic_kit
0.10599051960824599,315202.2700777465,163032.67113560575,5.090111393407562,0,standard_kit
0.2052728911949256,113948.13192466207,185833.86947908835,4.877204632653327,1,standard_kit
0.11189845016381286,166726.22333938515,127283.37104203695,3.9712099391745816,0,basic_kit
0.49922103929183087,295811.5854212998,114038.30828910774,3.5333698584403805,1,standard_kit
0.07213504560440993,156885.36883163097,264060.75569996855,4.0350539611866125,1,basic_kit
0.24851461971608446,355607.48183039296,277886.3254199593,4.869557030166989,0,standard_kit
0.2534420850756729,271171.0860167851,105761.33960908148,4.140674223555472,1,standard_kit
0.185284367861754,397395.0816146109,159803.74250848862,3.3178724410069194,1,standard_kit
0.3071082045681254,476710.04107511084,281657.1256288948,5.8048165888040435,0,standard_kit
0.11748966086819511,102112.20020633348,106632.34662649297,4.657337479787065,1,basic_kit
0.40276057126425513,200599.25449304518,218728.27457574525,2.338375816128,1,standard_kit
0.19960147321143723,193797.07829528296,284444.2741934011,3.8415825281306275,1,standard_kit
0.3161041654093888,118032.31370176442,285644.7337162749,6.424567286059967,1,standard_kit
0.3720376562301317,414636.4118000619,184244.66618074867,5.77618265599976,0,standard_kit
0.45006895296057253,391945.4168174555,122549.82155647612,3.6162339197200355,0,standard_kit
0.42610434640349004,267991.46187547955,130416.86299548777,6.690915760222546,1,standard_kit
0.3237390626466018,291996.8500075743,267920.2790248789,2.383014541791051,0,standard_kit
0.2247769311727491,76794.86210112332,272336.6008659472,6.806173519460945,1,standard_kit
0.2764421015337338,299978.30854717054,211575.92877471095,3.228525462423378,0,standard_kit
0.39593065702046115,406103.68580883637,243235.27989398228,2.0454709015120964,1,standard_kit
0.4448954941517629,308222.4081127357,237986.25029408163,4.169040182591634,1,standard_kit
0.09670186767950234,169387.8665541885,222364.3195978214,3.7948521484350435,0,basic_kit
0.2231853181218741,350396.72255045176,255455.39097438782,4.695445026033969,1,standard_kit
0.3992524692860753,212669.79348436143,227081.32460806423,5.983864302849227,1,standard_kit
0.24424329316728244,295192.97792858083,196800.46114949987,6.2121540107522355,1,standard_kit
0.19950249382982777,269404.41347551614,137391.27251763135,4.00614999805846,1,standard_kit
0.2350952135704713,221528.75043433104,238777.62882372382,4.1492287185317505,0,standard_kit
0.32128013605385786,373495.0911773608,184687.57356765488,2.7408886516473685,0,standard_kit
0.49991231486021065,447744.2503936468,148958.33680150186,2.2377380444058175,0,standard_kit
0.2718465930970393,52345.63331461622,250389.25514835506,5.206074951175124,0,standard_kit
0.14382251372941723,470127.43365366524,229342.72007060566,2.3221881277634613,1,standard_kit
0.12328095887559264,280181.8112374513,277467.91262494004,5.669150597107279,1,standard_kit
0.06905738636438644,365329.3461634693,123088.32800377555,4.695450725111238,1,standard_kit
0.30146775571324463,435031.0547791447,219837.85692729865,2.992914891130417,1,standard_kit
0.2950574411699754,260196.6615414215,138847.89361763519,4.697614717563248,0,standard_kit
0.14235526705113913,425738.3330142006,270716.59706032835,2.9149885830104942,0,standard_kit
0.36289823290365514,129928.918754841,109899.88285132314,4.193686037552061,0,standard_kit
0.38349816873335635,121625.39051591652,221232.36128897543,5.997801581211144,1,standard_kit
0.16659419242195006,345862.1159852691,248217.144305606,4.309596467053187,1,standard_kit
0.20484489381338145,441564.35249828175,160983.56807294145,2.743496591487741,1,standard_kit
0.4957122525562655,451591.7798912177,280827.61587676185,5.619143409114725,1,standard_kit
0.21841901053283042,339683.20626976097,260146.13691720745,2.9338420813500443,0,standard_kit
0.3923607522902458,286470.1535941929,148923.6599369807,5.692749371850548,0,standard_kit
0.253726441983473,199126.8894634323,91508.21854319973,4.396761446079166,0,standard_kit
0.4070051725374392,491000.18701969914,149331.43522361218,4.2687087954715075,1,standard_kit
0.39606045745219154,193863.05899981273,146262.09409414852,6.2571751892873735,0,standard_kit
0.350490211339341,384883.7482542169,267992.9215001818,5.543017621703344,1,standard_kit
0.43465025583301065,289391.8099572503,283424.23565094953,2.164553984774696,0,standard_kit
0.4726483226949583,323830.554136406,104087.99719405208,3.4808715730080118,0,standard_kit
0.3109924942034378,227066.2477648818,184258.96570666335,6.354603304249493,1,standard_kit
0.15686100825023558,484170.4064625115,199666.39970595913,2.0916308427259933,1,standard_kit
0.2293830327398338,307257.046744672,108582.33226594065,4.726267231309851,1,standard_kit
0.39123757108098195,472004.4337064555,165499.54182750452,5.63912834586972,0,standard_kit
0.34289756830574125,53416.137278261354,153416.48347859012,5.109280427422879,0,standard_kit
0.13000925235436195,307701.7624360045,197211.27086541746,5.802661010522182,0,standard_kit
0.07305779351589112,372734.10037637217,222238.1799463876,5.62845924457373,0,standard_kit
0.35733271709392916,385286.0770229981,230697.02209931333,5.4601534757655665,1,standard_kit
0.16298556081320542,457239.5968017566,117351.0047226775,6.107699304628261,0,standard_kit
0.27485160967807404,51980.72405170382,252589.54038892427,5.2284533422476915,1,standard_kit
0.3860360476306674,50148.571666764394,225708.4059581518,4.012092471284911,0,standard_kit
0.3032000512953499,262518.5573578469,267814.9833493439,4.359545549572938,1,standard_kit
0.08748616240030838,63182.167252416795,179867.2118870868,5.583623913407253,1,dc_basic_kit
0.13351110655259993,488539.64914806857,268777.9525444383,6.38153014833397,0,standard_kit
0.1486976828139136,149929.32854362638,263154.8244712151,3.361094004198878,0,basic_kit
0.1660389141401802,262699.1282141801,177681.86647185392,3.710383979855354,1,standard_kit
0.3044315263777269,77511.93350550062,166228.66305859573,6.653696981812063,0,standard_kit
0.2767846009214271,284921.7872770663,276562.40299405134,4.892558962047227,1,standard_kit
0.14142201726389403,220980.25631633383,233032.94690768752,2.8948090856750053,0,standard_kit
0.0803996795550592,70097.0129947507,275649.06928761513,5.318475694561913,0,dc_basic_kit
0.12714449201362316,200805.92001330113,249394.9557791626,6.953810777696898,0,standard_kit
0.4929715906783715,226146.20910028502,211859.48785828287,6.117267822352001,0,standard_kit
0.26084612740616253,495464.671073723,113170.5554007529,5.728705682757013,0,standard_kit
0.4403054771159506,143548.64236371894,148296.1345158197,3.040233271331346,1,standard_kit
0.4319386100009795,295150.8269165448,283768.4814196783,6.380698923420036,0,standard_kit
0.2801838008582932,494291.9971393829,153884.4197428409,4.6289442176777325,1,standard_kit
0.36800946880724456,406408.6435730608,108650.97395707417,6.446450110359778,1,standard_kit
0.13673840468572052,497015.37539694,231510.67118386395,3.6491391471243966,1,standard_kit
0.35977851721710874,485734.2415970762,236800.85090873684,2.310255263177164,0,standard_kit
0.17257306066848027,270292.7939423694,147091.54405743015,4.379879843298731,1,standard_kit
0.42442794353936786,363369.1324417546,149534.39586926074,3.349188024089388,1,standard_kit
0.08767585989900947,99699.407123518,183778.59710175678,5.576146448881491,1,dc_basic_kit
0.39791240279837486,248516.97127106084,94357.7899524511,6.785532764280162,1,standard_kit
0.09497160795587879,414058.3440200139,247864.60207223272,5.4548707557578195,1,standard_kit
0.44653515660243903,277400.8944397145,153417.75745482513,6.434669648546017,1,standard_kit
0.1868920331607517,366214.56476775435,260752.6204003955,4.265120068006032,0,standard_kit
0.34447701417375864,385588.09849292465,250526.08432000675,5.858203685976509,1,standard_kit
0.2693760253791259,164061.11355930223,222280.40662375663,6.215217183358517,1,standard_kit
0.21483641536805254,444064.7178241545,154974.97341985774,5.554378137917712,0,standard_kit
0.3404488249325734,256920.09390913052,193263.312332234,4.538886430347823,1,standard_kit
0.4763853412480571,144583.2966296947,178965.85151959182,5.12933054807684,0,standard_kit
0.06857138631857984,439437.1468047997,157776.37724973483,5.502534978394402,0,standard_kit
0.4634837851473969,238018.46274781413,259627.25786063564,3.2654220161071343,1,standard_kit
0.3240867447594561,387640.5972708739,186701.41491553304,6.047896304574924,1,standard_kit
0.41329143534607354,296614.8824997168,256544.6195594293,6.7516226948363665,0,standard_kit
0.22274372904542494,221842.28850552518,111043.69482836485,4.326196575899679,0,standard_kit
0.2623293386769262,414444.3867673562,118204.95772006715,5.505335915549387,0,standard_kit
0.4409828383105238,313011.46924007585,285464.0610225954,5.685129528951769,0,standard_kit
0.2366815864144204,225752.94609216426,207553.69252121792,5.311237737607401,1,standard_kit
0.29059680503708823,99319.04165080716,191953.93469980982,4.735575541643177,0,standard_kit
0.05908771538794981,452950.39119501854,194631.21262882234,6.408239772874053,0,standard_kit
0.12136910262711903,65961.31340374995,133053.75480657196,4.244633546344472,0,basic_kit
0.3387589285886599,438434.3067656253,233740.7899003946,2.305514782433018,1,standard_kit
0.3726396054787447,211982.68619741997,106956.12474595087,6.222781878560801,0,standard_kit
0.3121704215530247,337702.44357563264,204664.74262060464,5.369906361582753,0,standard_kit
0.1144895163240248,464989.8757260584,204153.7593171803,6.2462931324982325,1,standard_kit
0.2504324428600257,118267.97697675429,272837.6848267022,2.6927372122234714,1,standard_kit
0.2097926448634354,305127.7140374646,195236.56202097208,2.1537647025485818,0,standard_kit
0.27304760481578977,393994.7880665864,117412.5391948359,6.671872701912506,0,standard_kit
0.44164806554934244,390912.7247235758,204550.6518496325,2.738641529252871,0,standard_kit
0.39913764739639335,286534.3615697768,108265.52887306648,6.048261660352259,1,standard_kit
0.08779527562512153,331132.7569579061,130758.76705998433,6.116049710903179,1,standard_kit
0.45063913899855396,390887.14735978004,96221.71683748323,5.543526002745015,0,standard_kit
0.2622952180174206,428462.4369908353,192658.71649189966,2.6563110554643545,0,standard_kit
0.3847379651986993,392815.8935941387,106906.52305871448,5.336993122804038,0,standard_kit
0.11301765406895847,209302.22443155918,183878.8757062658,6.445432916634328,1,standard_kit
0.35182378656817165,498526.88047597994,276589.0070648288,4.127658224004416,0,standard_kit
0.1563467079242561,245526.21217368697,233952.28260386642,4.067584271892994,0,standard_kit
0.2472714037134192,61009.11624152004,105482.3348450586,4.214291547897096,1,standard_kit
0.05758829153694699,213177.6282134579,134841.96244176864,2.4113594533810323,0,standard_kit
0.11822478706871421,107502.32955822947,224732.48397868685,6.460127845149867,1,basic_kit
0.09143622190562889,104649.17707776875,268940.37220483675,6.345914319902552,1,dc_basic_kit
0.1578848778222163,176690.76804810244,96583.71735279076,6.989546608951431,0,standard_kit
0.09500814051094503,74018.97237976738,252490.2263441188,4.925915707492067,1,dc_basic_kit
0.36135951197880284,359830.4847843034,202362.77606766176,5.755958182256929,1,standard_kit
0.06306795599414872,83294.99789085728,199218.26505927852,3.0133595315365236,0,dc_basic_kit
0.32798322528124907,141480.29994618028,281562.6365506716,5.337644091120848,1,standard_kit
0.11331852387150843,91804.87152235373,239528.92251935462,5.248664243786953,1,basic_kit
0.4753226557300536,78425.47890636398,260023.7736112224,6.506043679208062,0,standard_kit
0.46989233289943444,170488.24949279375,160799.11390893336,6.153963614195371,0,standard_kit
0.1514763961344332,307354.5354471665,200872.80816568196,6.692332313088816,0,standard_kit
0.3264895842003633,484108.5004010788,213081.13548555414,6.344167363508038,0,standard_kit
0.0626023937626063,444000.4944573228,154316.78807249301,6.34346947449426,0,standard_kit
0.46930484437302833,444170.26645039616,204049.6249894799,2.3186166334435914,1,standard_kit
0.2853442886862694,129230.16621694593,137331.07589594275,6.229809763479779,1,standard_kit
0.06945041813800056,169208.23707401904,118675.13421364792,5.037391972515591,1,basic_kit
0.2041249968536618,84376.99255788757,164794.05185546653,3.902222258829806,1,standard_kit
0.0845822578375554,400310.75296183326,237857.9257492874,2.2825731219403114,1,standard_kit
0.22682499771801196,81417.33566850287,273237.4296147775,5.388368873840234,0,standard_kit
0.35146685397259536,300513.05186938395,181542.81029964652,3.641008752688087,0,standard_kit
0.26145045861864785,161544.00754577783,218564.73765508633,4.338881324930174,0,standard_kit
0.22267497862375452,159550.53531293513,110607.42619502009,5.408642185275672,0,standard_kit
0.10362067049320917,495826.2748614223,270892.75171046576,6.558872735120715,1,standard_kit
0.16022257056214534,390550.9131403418,203720.84271398687,6.127184578024992,0,standard_kit
0.09506447948225802,426622.71123097255,246067.64952503142,4.252985645517999,0,standard_kit
0.41337442924549733,307392.2084048057,248888.24018427875,3.9389157872318945,1,standard_kit
0.11085792259312516,441956.4293271871,141296.1052736212,3.1988986942202375,1,standard_kit
0.31791801494700206,340470.7426248588,195834.8906363699,3.8621337558798414,0,standard_kit
0.20423318611498065,475778.1671583554,282095.95031219546,2.5552319364594913,1,standard_kit
0.15169027309483257,176602.36372053655,107926.90896416556,6.855527541823773,1,standard_kit
0.3377607977714467,317893.79560230277,226609.97960591267,4.869587219797895,0,standard_kit
0.2556510392196233,360559.1065716015,282452.81560703437,2.6390292139760643,1,standard_kit
0.23006546027805164,226821.787262513,150115.42161080445,3.7640300463295286,0,standard_kit
0.3167834022014997,445868.59208182397,262289.58428086963,4.73519571810328,1,standard_kit
0.2710704328205003,490911.42339686945,276731.5090816543,4.664428183204349,1,standard_kit
0.18656789384820238,272196.2711176977,239417.24187896503,2.1775168435931618,1,standard_kit
0.30157757949436326,225788.2946619526,136265.66246139165,6.754205171145557,1,standard_kit
0.35127435944781255,262372.0678504064,156800.1437653188,3.376878407374723,0,standard_kit
0.06201192136408443,433731.5355793692,97161.85888354614,2.080923344659456,1,standard_kit
0.2596422780084539,340460.7914831754,256290.64684907105,2.3822200447514126,0,standard_kit
0.0759574780625947,70147.56763314278,259922.23730221597,4.900974516239884,0,dc_basic_kit
0.13388243633065,293976.45970057166,216542.06199323855,2.6889276033754843,1,standard_kit
0.3022289303350879,57785.05523343642,160505.57025277027,2.2086239642675163,1,standard_kit
0.4397850118695113,400340.9169515324,105362.2055279841,3.8981323320635566,0,standard_kit
0.4472625556348182,197740.52309410868,240611.52198298188,5.113805961700943,1,standard_kit
0.08147480456238407,262403.3669527982,235305.23872198458,2.559199024208062,1,standard_kit
0.23859728882901798,409405.1476584344,272520.5043477802,3.5666391607565777,0,standard_kit
0.31235291735204807,70901.9677785927,236106.40420107244,4.088803358122711,1,standard_kit
0.11618145704765453,121343.6910162247,255738.98844880037,2.797300488933836,0,basic_kit
0.39444449753514726,229082.16940030167,239190.9235807999,4.53036949233355,1,standard_kit
0.38490586629675744,153466.32359550227,216137.4376624633,2.4260704345088544,1,standard_kit
0.4565034561680576,202055.6415987784,175393.27883820183,2.2325924817253435,1,standard_kit
0.05381870543754936,499178.6320516093,270423.46172845556,4.599176835775674,1,standard_kit
0.14750790979505118,421436.4969082148,220193.71438149398,3.2394848637543783,1,standard_kit
0.4222340214103948,447755.8167320489,169671.06439318182,2.4768690394901376,1,standard_kit
0.3517610228721209,471674.5851045989,106693.85903639144,4.119562937438161,0,standard_kit
0.45247543416432084,203421.14614138805,148140.97118087643,6.575703697586974,0,standard_kit
0.07573084453861995,183684.63100841272,198745.34696603296,5.620962233270775,1,basic_kit
0.31863378457239927,155328.1216574337,145127.0740032389,6.078079576735138,1,standard_kit
0.3060709587021534,423552.61008865514,134247.06958358042,6.359569943793183,0,standard_kit
0.06605348736223957,355798.3380283332,195478.70281756943,6.863138706982094,0,standard_kit
0.2810849346106176,156277.39211729477,123964.06917914691,5.816232867570865,0,standard_kit
0.3242841400894659,219647.2231447047,250082.01266502068,5.042039609697398,1,standard_kit
0.13608192839094826,278020.29376975924,186873.6302685316,3.827129401511236,1,standard_kit
0.1729983124060983,287663.02577318915,204772.55479253002,2.90821618278858,1,standard_kit
0.33815630583398165,449927.4778482716,119476.6535194697,5.4332993699164716,0,standard_kit
0.26073542641998126,221254.75982624735,154915.26712587348,6.974749930609709,0,standard_kit
0.4361061459057471,458835.8137252306,172017.93665223056,4.336793423094595,1,standard_kit
0.20407179470413478,248615.40214390535,251642.56610330057,5.6183968404640385,0,standard_kit
0.16999684627469053,385867.7036565592,244031.9046172305,4.475462249965781,1,standard_kit
0.49318967315517925,468614.4439932752,134595.49495753628,4.159667116817383,1,standard_kit
0.4600110965585375,458409.06678346987,213235.81632140157,4.051528067799575,0,standard_kit
0.06304673524954094,75628.79028305653,138691.27155439951,4.523123414658488,1,dc_basic_kit
0.3968278768879546,142566.93273945642,287649.4311380491,3.834478309326875,0,standard_kit
0.09965064822134134,264607.4414895238,280424.7756261741,5.743866609109039,0,standard_kit
0.06236833767321693,244199.43047889828,202652.9441041241,6.371360132957583,1,standard_kit
0.173162982184857,338401.24917674315,229780.51437882858,6.414426533225921,1,standard_kit
0.17120564557749696,475119.0728714355,250286.076441729,3.13849356712913,0,standard_kit
0.4186934430561341,100582.12007507696,234199.68400898078,6.479545693657454,1,standard_kit
0.3698002606742758,253336.3993104082,229965.73821648417,3.707756159275525,0,standard_kit
0.4917242422994064,136584.9670492127,281710.80158990563,3.546538327426488,1,standard_kit
0.3701808051403183,452348.4192790764,209291.22126145667,5.633780286991179,0,standard_kit
0.23821499896522158,484061.08361074375,217260.53436381114,3.5234817004314474,0,standard_kit
0.3645174474253476,265415.7568506575,259853.75008763623,2.2648320280485503,1,standard_kit
0.4997565802338809,96804.63397766332,223978.17357168137,3.86808886155154,1,standard_kit
0.3695638471531376,403382.60002520296,236586.5244035045,5.607328001791744,0,standard_kit
0.3927566101911432,363713.60772157955,136833.7372393285,3.6347921013508824,0,standard_kit
0.47226425683561674,209601.8719746397,164253.38482301417,5.147795279975733,0,standard_kit
0.10114306759025751,449333.36328603356,119460.2691423786,5.300597221315652,0,standard_kit
0.3671529320514771,489124.35040221823,191153.0884669611,5.6686800586317805,1,standard_kit
0.43286268108535203,301034.232108588,181145.48013604927,6.485652331554682,1,standard_kit
0.47947037009940185,304577.5601049316,289432.56285589136,4.162822496342157,1,standard_kit
0.14493618037026473,183881.0773012,212241.73056310852,2.8321603833122855,0,basic_kit
0.2767680534759099,313027.7161924914,247288.96463888467,3.594628577159447,1,standard_kit
0.35624968144001684,247839.04423618093,156802.93415153085,4.160836275869929,0,standard_kit
0.16136047827560185,185985.96211762336,256309.0662685593,5.569457346640565,0,standard_kit
0.3202127884626233,80233.33843575559,213016.99329753668,2.0656106278081676,1,standard_kit
0.16591045212409972,163718.5368691062,229398.4663196877,3.5789269171993947,1,standard_kit
0.2000556592392413,139034.59235494898,148886.15558989087,5.899212905096584,0,standard_kit
0.2486834134298893,293918.893049277,199727.67833911543,5.354288516653477,0,standard_kit
0.2881355444359551,320751.50979361724,216807.39468272173,5.658699867928026,1,standard_kit
0.2522146422313178,323857.2759377074,207818.9351633162,6.059053847195973,0,standard_kit
0.27193798390456814,224681.4504705556,273038.7422849133,5.9161785943898115,1,standard_kit
0.18436494032973166,239553.38015847318,269654.5328985107,5.410915830763891,1,standard_kit
0.12153429231018377,425407.293338288,284196.8115753741,4.198307661852953,0,standard_kit
0.07130748979707775,264304.76608272304,223485.60120139786,6.91799164439077,0,standard_kit
0.13819042512125046,494497.99946170504,284382.8260251369,4.845365977950369,0,standard_kit
0.31187463867760234,247827.7535039892,256495.60000638178,3.0138460468441957,0,standard_kit
0.4037519515114096,342311.42507802753,144166.42806799186,3.464064275523922,0,standard_kit
0.12616141884930254,72663.3495470281,175487.1339102594,5.46781227985235,1,basic_kit
0.0988499109976918,344002.9659884649,137678.48843780195,6.623697825997318,1,standard_kit
0.38718066224716263,433141.87748675275,90839.43216611304,2.893600646029488,1,standard_kit
0.18732124874178036,474106.0273399833,127609.75062938171,2.411732478728932,1,standard_kit
0.4781747476523086,498794.2752378967,90812.11725737514,6.407655240210031,0,standard_kit
0.37144308677466786,176980.3905421549,233967.692270098,6.576389894564172,1,standard_kit
0.19704022125936388,308916.5291715726,175106.8595442399,3.3818967265794972,0,standard_kit
0.18029423650716725,252823.09348946632,152514.94541557165,3.8864286218561994,0,standard_kit
0.2856642738220891,303717.8662588269,242344.1782190376,5.300939987489292,0,standard_kit
0.08561510072519424,120853.830735431,256497.354923929,3.649650104212374,0,dc_basic_kit
0.10295443069038454,435267.3076681737,285059.907729976,6.385793541350265,0,standard_kit
0.12913604659228664,459306.0245050644,218402.71693504823,2.5378935135693137,1,standard_kit
0.39862561698705207,252347.74840081515,182305.79170801034,2.1899111048009763,0,standard_kit
0.2812358116711051,176193.4377081096,151052.86032148718,3.0424310337139477,0,standard_kit
0.054755205248499327,113375.04244385555,134463.64184284525,3.430438891024845,1,dc_basic_kit
0.35308243736244904,357694.171150012,132585.19009652024,2.5646329564443753,1,standard_kit
0.2406605803972237,190504.32782933084,171837.87494395976,2.3284521467032335,1,standard_kit
0.2798835642337091,459292.3564610249,288357.27105758595,5.778038567508991,0,standard_kit
0.146352309535821,351955.6136801915,90170.73948748065,2.821382829511287,0,standard_kit
0.29830200277734664,340558.39632840833,129441.17944620016,6.56961099533152,0,standard_kit
0.4906189578881699,301730.9521542084,127678.59648071477,3.83999830724048,0,standard_kit
0.08305011095259265,70599.35274292652,233423.89710645846,5.353029048606727,1,dc_basic_kit
0.17776282984899378,469365.09605851414,160496.94551961235,3.127010573844001,1,standard_kit
0.1593489167873734,332571.871984757,181452.16091836413,3.2016138424593343,1,standard_kit
0.1618471898380308,497327.89252239966,119724.826093981,4.873546014337877,1,standard_kit
0.22041786090441978,291810.38214779913,170999.40777538955,4.803214625729931,1,standard_kit
0.41814940313487536,369549.9013577959,110639.9623811672,5.8436461400604065,1,standard_kit
0.4607864104839743,75294.30103979998,196608.65757771663,5.78906652847133,0,standard_kit
0.140996789356538,334281.2795705349,109587.67307657118,5.353438823318306,0,standard_kit
0.2943274720766507,394092.3252156608,248101.67623463125,4.2456528294674545,1,standard_kit
0.3366045374744661,400331.4326836508,203320.3435080979,6.453201931403086,1,standard_kit
0.28482236346373024,396550.2435036285,234793.57475470338,5.112892451106494,1,standard_kit
0.2453343773886138,151827.18228215043,173703.27733053677,6.950992452311786,1,standard_kit
0.13638897763665703,488929.3149223517,166298.25864844548,6.096849089671793,0,standard_kit
0.26969871163965736,497831.9542812224,109641.77780977273,2.2215490561916313,0,standard_kit
0.23054667247009802,84018.14382272057,194771.12140856453,3.6029695354015887,0,standard_kit
0.40800351312602134,471400.8902652908,192900.4329714184,4.859378582354759,1,standard_kit
0.39362196162334784,180252.13743696618,183620.4088899211,5.607347689357436,1,standard_kit
0.11029940654255183,360177.8367879341,238103.67293648986,4.751682488809708,1,standard_kit
0.0898335736533804,202149.91433125947,256500.8800064709,5.930652112310909,0,standard_kit
0.4586692744523763,485489.44551790465,240157.93498970164,3.413278263786723,0,standard_kit
0.290978775034024,95676.73623659096,118773.14856136877,2.919560256164125,0,standard_kit
0.4360104217771658,273986.0676303692,214411.9018564216,2.2695834189488506,1,standard_kit
0.07616800425488052,242621.5063739336,106064.62113790668,4.86656872285761,0,standard_kit
0.2869320274347336,196710.55352509322,228924.4574880953,5.442997603377476,0,standard_kit
0.2927419315593064,340490.2958960669,166367.81931222533,3.630748585596808,1,standard_kit
0.43731591464396746,108975.08453975036,116499.79125325732,5.067920924279383,0,standard_kit
0.09392449920336837,372498.0881601636,262410.17139522557,2.260786154266646,1,standard_kit
0.1582005036541592,491266.4557121543,212801.66780778748,2.496466731484018,1,standard_kit
0.2329422412491559,412051.42151088355,160944.9935895055,5.508773861292491,1,standard_kit
0.439628663938974,437007.5388092954,96145.4359300999,3.840348526086494,0,standard_kit
0.47249749178175515,211836.53443055114,197462.05180072208,5.356670155515028,0,standard_kit
0.49672607881713254,196198.9729165484,274645.1756972465,6.15860560139959,1,standard_kit
0.4816370689063347,282671.7596105599,209275.96654047316,6.263112187380584,0,standard_kit
0.052673790129959486,70576.9766430227,284330.12092389865,2.8608382273222546,1,dc_basic_kit
0.07146875365424242,475411.1605054397,117290.22365409171,4.431427861756733,0,standard_kit
0.11642306862091491,114703.3278572865,203661.02091896738,5.6696336181624325,1,basic_kit
0.20698794354662292,456355.8676256416,249625.00960128588,5.869902981334552,1,standard_kit
0.42346311394413144,87611.99990016007,195108.14622514322,5.923379903644388,0,standard_kit
0.4516952879009662,420181.2174553521,108213.27119749453,3.1408366719029224,1,standard_kit
0.13407548283256238,118383.1366451968,206577.20030944352,2.9626740886188667,1,basic_kit
0.3288488682288689,67159.22634116272,212347.58116849433,4.950062341368479,1,standard_kit
0.46281289327937447,373770.2526167339,235741.8496950705,5.705428988691098,1,standard_kit
0.25867928116909433,176119.38507849275,242242.3030330948,3.5956975776709665,1,standard_kit
0.09659460737875278,371523.2687529573,244154.53764212143,2.523525784312108,0,standard_kit
0.25601614253808125,299788.3627127689,222688.8787277932,5.583731914550388,0,standard_kit
0.21910770602962576,98963.32560352952,133162.23728373164,3.4984891569000225,1,standard_kit
0.30994609822970315,469458.5329855237,170847.15116789588,2.8318136215586094,0,standard_kit
0.24739640798319668,253541.3786435649,245225.99452287972,2.738617641985658,1,standard_kit
0.057805667084173076,380501.2750094096,280685.39668016264,3.5745477376335817,1,standard_kit
0.497298980036152,275459.2574070313,105789.3929673244,4.963390329568727,1,standard_kit
0.2945931069787569,321962.66373254213,197107.33555943897,3.792011193469083,1,standard_kit
0.2631338399680743,186248.11656051158,152504.4542648613,2.103309257967158,1,standard_kit
0.4795778171768243,140162.1368015526,135078.77886336594,2.4845421733890554,0,standard_kit
0.1201371654141847,294156.5915336305,191162.13670394302,3.4525162359930954,0,standard_kit
0.1351569211453617,248098.53783695088,211217.86811130735,5.298522410735459,0,standard_kit
0.41360663707825257,225550.9460452699,91954.44628389625,2.492575367342669,0,standard_kit
0.16737398601125394,352655.2377925804,246041.3144402382,4.803284267503409,0,standard_kit
0.4096521978311871,360727.9844050112,253976.42625188953,2.599429354120021,0,standard_kit
0.17219006730882613,70664.02524106836,283102.1649135866,3.0580766367469074,1,standard_kit
0.06493443360125067,202435.02240965248,126128.74664493899,2.860942637778814,0,standard_kit
0.28265662574902223,235294.04760186982,208910.5124721896,2.3361431778540522,1,standard_kit
0.13850889535708763,93601.47252387565,175325.0746952789,5.3566490869329515,1,basic_kit
0.39103083181961196,156155.39001422975,156965.57031107013,4.317017736930173,0,standard_kit
0.33853983495446666,73238.80875024048,203126.6902875009,6.155267204486691,0,standard_kit
0.465621200590063,498308.9443776593,246476.61864471005,2.494454199911585,1,standard_kit
0.40234476076958114,381450.74133643,94610.55668904202,2.723664666690361,1,standard_kit
0.1313491796783271,89352.57042623915,283880.0225132373,3.532288656752253,1,basic_kit
0.41007120649915835,59112.22090554145,251976.31714114215,5.829329934694041,1,standard_kit
0.33878167016631044,373679.5100685261,240230.7407291157,3.528794115778494,1,standard_kit
0.35102823879228123,247636.47455720013,242077.4764361007,4.042093537493463,0,standard_kit
0.42451829868656693,404058.5190790592,167812.1419237305,3.508017831485823,0,standard_kit
0.30822083113502313,465564.21701827267,240324.11016896274,2.4011214590051497,1,standard_kit
0.2597015814588558,319685.17505736765,167354.04172059154,6.697168114480937,1,standard_kit
0.33648846591142756,134198.7903127639,269741.36591495865,4.742694960355944,1,standard_kit
0.1840808430312616,401987.31622090365,125444.47666129394,5.9391659409274835,1,standard_kit
0.1321687089891947,480115.2844284685,148469.48484303028,5.29178546092648,1,standard_kit
0.32746452713206087,311104.0791769802,200267.5085398152,4.571271395309875,1,standard_kit
0.15523176608846495,356898.85127633007,153842.2071774545,2.4483912832969006,1,standard_kit
0.08596179920597302,201863.61276650286,174847.44905905466,5.213667726351522,1,standard_kit
0.05024938306336427,221687.46259714005,188484.53787971893,2.7768517796841605,0,standard_kit
0.3237437306300302,380594.52403387876,261270.66976270173,4.071915846781383,1,standard_kit
0.2129669525661066,467496.99428306863,194638.45072173857,5.145565717402151,1,standard_kit
0.3885399368030552,333044.7742509585,162491.9697229121,5.911145002360617,0,standard_kit
0.21882937924089613,405431.55881840637,139547.23280702316,5.425225878543098,1,standard_kit
0.26870155170720206,127235.75783691785,171735.19575843943,5.357667645273144,1,standard_kit
0.2331882377669232,145381.5906160881,193147.22088287398,2.7452110458760375,1,standard_kit
0.34275865599920574,289415.60907502554,239222.97144064726,3.730642700357939,1,standard_kit
0.2102626229067357,129449.38650927824,114209.75523446774,2.214561363300971,0,standard_kit
0.483695442474039,335747.78159941564,134321.83764783017,5.597384465882323,1,standard_kit
0.4712661439693386,181243.93342761454,165930.80317373463,6.762929906587096,1,standard_kit
0.4316125561957766,406189.6784001014,162079.6810239029,3.320551950895379,1,standard_kit
0.46413512175773664,413649.65597645455,168349.61752104235,2.438483545811547,0,standard_kit
0.252112859806726,258704.35508990887,248704.2529280649,4.377850383768267,1,standard_kit
0.2913936785552715,131364.78576693588,154830.8805924346,6.283491115637844,1,standard_kit
0.38394166665121,341048.7324868697,190379.63608053292,4.759870976358899,0,standard_kit
0.3632656662223435,496754.1582186139,214781.40657157928,2.2338857509505665,0,standard_kit
0.45080536802246185,330165.90407413547,136435.71003672102,6.87136120263973,0,standard_kit
0.3723489622655129,66098.61082130353,233739.07742950777,6.143249549813003,0,standard_kit
0.49904811870280724,57782.28909518716,199422.2639476562,2.657970385257551,1,standard_kit
0.20682760992421595,194162.8867215378,179356.2326062756,6.608988782517544,0,standard_kit
0.4248489840077381,138102.7130871822,251956.80534766277,4.2534414430259435,0,standard_kit
0.36393567027469886,415873.04321448866,138699.0518370364,3.859489952874706,0,standard_kit
0.36112390034675834,430162.5501662002,266635.19412286463,4.305266652635941,1,standard_kit
0.1966260176802495,166378.4470897143,202209.74707334075,6.172859784354736,0,standard_kit
0.40352080659036016,196540.1496274517,211834.97587593165,5.297398391433929,1,standard_kit
0.45516921005641964,156311.1354718016,265011.79283378855,2.296242261998638,1,standard_kit
0.14834680768425335,458772.1463170688,253516.53756986719,6.788021855580855,0,standard_kit
0.33147357670251687,276192.200580027,210312.41376438006,2.738920667391589,1,standard_kit
0.22646067309624884,345261.6698369089,240637.54076963483,5.7278397586767555,0,standard_kit
0.49529665368269465,236966.9390148215,176663.8980465794,5.180682652140655,0,standard_kit
0.2654747671242567,333956.387077039,199475.55069994926,2.9376402397328043,1,standard_kit
0.15274407820862423,223634.91952478123,102414.02734170223,2.8536603805652483,1,standard_kit
0.22183593134982466,202855.29697815145,107971.58360000937,6.35163796852346,1,standard_kit
0.3442272754174818,335516.0329280661,255885.0808372664,4.098474617497986,1,standard_kit
0.08424021710730933,315977.93512204516,101934.33113649933,5.272882570870692,0,standard_kit
0.3216208640995569,182087.57937557733,123879.82512652146,4.520355019283366,1,standard_kit
0.4690511416305041,117206.80264376303,249166.5317900883,5.636767585379798,1,standard_kit
0.4326632544460327,215859.51222716193,90229.19012565125,4.396211875196652,1,standard_kit
0.08045309149609252,236838.93761385913,146480.86576917284,3.436899576277842,1,standard_kit
0.49702544543258065,332907.95004107215,206807.73156532436,3.816916854982482,0,standard_kit
0.3644271156667456,461537.9436365887,209089.9862938593,6.295388472251713,0,standard_kit
0.12302637094131066,66283.15888981632,245430.5816458947,4.340173464613635,1,basic_kit
0.05558724012624058,159647.4556438302,191185.25089843408,3.0672466612230465,1,basic_kit
0.1270771863314681,137172.17402580217,191880.37390619406,6.673026940386266,0,basic_kit
0.4271791643085823,276032.48391220265,235062.11510814007,5.983002282491885,0,standard_kit
0.05973769622532368,243365.36316942194,189724.8926532567,2.2783307302809956,0,standard_kit
0.15491628662813894,378066.9307190848,211698.21731272337,6.994714809902589,0,standard_kit
0.39078751790069394,159087.1606451887,269554.81365101016,5.474633482200511,1,standard_kit
0.3137497411541608,317524.26458739134,170290.2015224744,2.8013329952029347,1,standard_kit
0.4022310696620863,447735.7686199817,167025.01418384444,3.1858384064929823,0,standard_kit
0.38576772672205456,459804.9829632371,90709.79837295426,5.4622274062077345,0,standard_kit
0.07277062420481213,481453.072126264,212685.2523042464,5.89880527639561,1,standard_kit
0.45163013859236817,397967.51843599486,95954.38148142639,3.1951797157490307,1,standard_kit
0.1521643254270209,457694.5578165118,190829.69794566324,3.284844269496354,0,standard_kit
0.2990265981033937,155538.89239337342,250846.75780644533,3.535603474360304,1,standard_kit
0.33992967043750044,138911.42495771465,199984.2141039326,4.9900918241831835,0,standard_kit
0.12588269489829293,52919.637701236905,143927.2330433352,2.859080891506385,1,basic_kit
0.4893040655154385,368079.9608430943,247233.68428987425,2.5212159944238874,1,standard_kit
0.26967018023928907,471860.23451618495,143943.40081650775,5.394320445427567,0,standard_kit
0.07593921301882706,134120.9052687544,236606.35618917973,5.89548969896585,1,dc_basic_kit
0.47176792015002816,336624.6089420955,212051.69103804627,4.504647022082527,0,standard_kit
0.31382052943697064,385906.8916497999,123999.25934960024,3.819163551341927,1,standard_kit
0.36463693909161937,467426.40581662545,271026.77496883716,4.160213567632382,0,standard_kit
0.28632910547040086,341087.1008077497,130128.73659143914,3.9420391693597594,0,standard_kit
0.4256320796496354,486632.17973693856,287917.414828134,6.799924541188377,0,standard_kit
0.06491005798694491,205102.91345564649,91462.09773098816,5.840449526095702,1,standard_kit
0.17077026437471649,207467.84019713345,142696.6754285806,3.040436074250551,0,standard_kit
0.2613417603812115,294355.6295064555,129972.05945483976,3.9209457602699005,0,standard_kit
0.08447162734116953,222575.8465021582,92798.68203409252,4.720061456815549,1,standard_kit
0.3676580011969962,50641.57772938968,236473.5800294631,5.064929310318442,1,standard_kit
0.22714853632503834,379297.4112891443,228685.16041991924,4.340919480143835,0,standard_kit
0.1727005956206648,388272.6686653175,248470.1928709861,6.0506331750597955,0,standard_kit
0.051520481063785525,386138.5721090467,141339.70929291306,5.838030097291158,1,standard_kit
0.37392364028747915,205259.29997470998,178867.03341659397,4.525789593140834,1,standard_kit
0.4252141889927878,285030.2629900274,221822.70432430948,6.272146933908652,1,standard_kit
0.22776824105667431,211988.08317950126,177953.70077762872,5.755447652211929,0,standard_kit
0.30389808966501447,57216.38001379059,229465.15406358315,5.892909243603216,1,standard_kit
0.15245898166831928,303102.02357213845,216794.68168808843,6.782003897167083,0,standard_kit
0.3299889408260599,105692.29973780498,112929.56060443529,3.332334706046013,0,standard_kit
0.05546185624184024,86018.59584114827,246208.62421539362,3.338240811834246,0,dc_basic_kit
0.2698897536944413,389974.58091355424,234135.27181850365,6.444761278453201,1,standard_kit
0.33989246682831153,54277.79108814753,221166.87752348106,5.861131866928398,1,standard_kit
0.4631862979533803,481553.79962392675,121018.72125420047,6.632727707178137,1,standard_kit
0.22160111770502794,281864.9138506596,143599.28975907274,2.315650801622265,0,standard_kit
0.3943355913414634,492357.3938177668,168635.40631752007,5.138785386307983,0,standard_kit
0.3189591634745753,76098.90761271879,145985.92433128867,2.723141690617237,1,standard_kit
0.46715545081628623,312588.29698966094,135562.05813522628,4.519485991462913,1,standard_kit
0.22926995404674377,207197.16618916002,251071.53403235515,2.7787346592672213,0,standard_kit
0.1935929029428446,429567.1217664286,217646.44927204048,2.6403925449243966,0,standard_kit
0.4492138994123647,212550.23085542882,203094.42631005007,2.0608417269101658,0,standard_kit
0.07215998063373011,167219.4105758071,135190.54217065076,5.151194061914522,0,basic_kit
0.11137342682015455,435898.907194961,273615.3124537283,3.7951130834504303,1,standard_kit
0.08708199556282001,218593.89124396746,128236.60781946324,2.5259414243948584,0,standard_kit
0.4293994804593812,57574.99393725266,248990.18656493543,3.614188888656549,0,standard_kit
0.05477334051664373,225630.0953777002,283334.53334105865,2.8447204572579246,1,standard_kit
0.4377457199736717,344535.0210549239,235418.54584484722,6.708474157508297,1,standard_kit
0.2530705079170701,164461.79246287182,288571.75503692596,3.6000244288067407,1,standard_kit
0.05181137548428684,244394.41659132077,220210.22339558933,3.6697676164469493,1,standard_kit
0.23074032974541886,75521.81222700149,133492.068720779,6.199290016997928,0,standard_kit
0.13406037847026603,314641.75618128077,130763.89874330227,5.238778806430021,0,standard_kit
0.33098021936247335,390332.7157371772,154912.85685109528,5.550858037015007,0,standard_kit
0.3557114554647409,235990.65263049962,91426.00404420121,5.180009019944803,0,standard_kit
0.2693874066822499,239104.68476065702,226339.6940165669,6.730981419742827,0,standard_kit
0.0682337864478515,89727.1243632124,143733.55692556553,3.035004157790226,1,dc_basic_kit
0.34525796196524083,140873.38903039217,253036.64645855056,6.945196208778978,1,standard_kit
0.42891745262248454,119603.8864075607,161834.53011186005,6.154780887782566,0,standard_kit
0.37414592479688064,266759.49589769205,185991.29869266256,4.944862944381711,1,standard_kit
0.42348106352989334,288164.99342783756,283137.78331207385,5.311858121981245,0,standard_kit
0.14022928559789938,477023.059077917,138434.42460945543,5.24412938250307,0,standard_kit
0.4499995728454172,82954.17692475526,234250.81948594793,2.2919811202957696,0,standard_kit
0.19498705279158324,319940.5879197712,241023.55786108345,3.0900824926596933,0,standard_kit
0.056032166413395965,286924.3372977086,134199.63150472703,6.807354422623746,0,standard_kit
0.42952624084808183,282304.8940711231,190199.36732243912,4.671822144296897,1,standard_kit
0.47381957103412703,442921.6793222719,160040.38506259368,3.8917680163095603,1,standard_kit
0.34500118883780695,142492.31181296892,244381.24868001783,5.8101923169453755,0,standard_kit
0.15414648370854112,68347.97345361716,214496.66380580748,4.622594713279048,0,standard_kit
0.16328500892713868,352522.1784353866,185196.61097210943,2.0658138571594877,1,standard_kit
0.25996679304602877,205320.85886119105,245872.65300954366,5.681187983575589,0,standard_kit
0.4540239858206388,57915.46229563607,137031.1140016834,5.661087800264307,0,standard_kit
0.11731894526640127,163118.3032806862,240724.3761168718,2.825743560549872,0,basic_kit
0.42168815131256915,189197.04839756535,263074.86241856485,6.7833004421210665,1,standard_kit
0.1810862639173177,327577.2695529089,265724.3193615145,3.1195406577055715,0,standard_kit
0.41386377624309406,127663.60732217245,246734.71860392077,4.288746836910996,0,standard_kit
0.46412203892069237,235874.4565790291,171602.83339965375,2.5736798063045736,1,standard_kit
0.2423722423974441,267113.94998802466,286361.6045435654,5.016411597252942,0,standard_kit
0.21427279434748886,256656.8261138409,165918.72876448795,3.8772556002860625,0,standard_kit
0.4109995935370858,488273.3450000518,217725.07982048515,3.7658673110485275,1,standard_kit
0.2882672970707273,70476.90700563326,122214.83561389374,6.134884386104736,1,standard_kit
0.3580020718084387,477935.6839035797,286089.7797272785,2.0478085642523913,0,standard_kit
0.33027315663253076,311871.746297315,230797.18437293265,5.989733854462113,1,standard_kit
0.11879998054015835,408077.4717364272,240675.50904927368,4.857242828740393,0,standard_kit
0.43015566213030276,243676.67810723395,103155.34068222893,6.930492567400996,0,standard_kit
0.1380988001359113,254227.04656564118,242683.56284413434,4.947216103021245,1,standard_kit
0.46952696483185136,445696.9245571206,244944.68584412028,2.2768956707397896,0,standard_kit
0.16275708113996654,453170.52333135594,224354.54527244598,2.253226632218632,1,standard_kit
0.38024643797318386,157409.99664408393,148381.92275806871,6.41576493185916,1,standard_kit
0.17809492707211644,139658.84536307817,187938.0084321763,6.206070727555265,1,standard_kit
0.19300343386408875,273305.82824147795,112086.8742617433,3.729450377910116,0,standard_kit
0.1895008337520374,455124.66220746125,184317.4132918305,5.090162420905687,1,standard_kit
0.38655151431173745,195059.79203277934,138764.770520081,4.447956785278001,0,standard_kit
0.3005668030862269,343406.5769026091,159819.39729881642,6.835820275680261,1,standard_kit
0.44732860513137374,368668.2594832705,122520.08168073972,6.749804504384458,1,standard_kit
0.1883177236418202,400403.5992023701,136010.8735493794,6.919195042703873,0,standard_kit
0.3613966349255349,303766.0060644335,105313.72836402325,6.332243903171321,0,standard_kit
0.3888268698483998,231104.8302255363,273980.2732873843,6.547757953875506,1,standard_kit
0.11816695086348118,485157.1949595378,196082.13759508065,3.086393893835682,0,standard_kit
0.23026521079391504,325098.8389862837,169348.39425254794,6.1550339449488725,0,standard_kit
0.267267872457685,377854.34523497184,197005.84255375678,5.544285566021373,1,standard_kit
0.21005932545246847,205242.28056314526,215658.64569631053,6.813932544140351,1,standard_kit
0.19495066818611217,351477.131451386,274375.75867386983,4.856309142213097,0,standard_kit
0.35888895229893886,166008.94797385664,125738.59045726268,2.4258358335527817,1,standard_kit
0.14713987894676986,160293.61288788627,149110.49972704353,4.986994455935765,1,basic_kit
0.36922583536300796,371624.9908142419,285157.86726882297,5.432904640106439,1,standard_kit
0.4707698883758287,284627.63131832075,164238.59732970488,3.1016051435621415,0,standard_kit
0.30433888452998803,357474.4746900754,94512.33015146553,3.9705669175636418,0,standard_kit
0.3251454065327633,171247.32083664124,119528.69852743176,4.992517070258399,0,standard_kit
0.0810197159558401,319425.5034755287,95267.74034971041,3.870528686582528,1,standard_kit
0.4390146066280227,249770.14236640066,287984.6284841457,3.8747385861933195,0,standard_kit
0.1784515042399395,318632.1290804876,145774.1697982446,2.665433195863987,1,standard_kit
0.32677302448785417,180895.87950989872,274708.5513872452,6.70373361538833,1,standard_kit
0.490600476385161,371952.9336421057,289177.2551519432,5.752471922475483,1,standard_kit
0.3179761702577635,412668.21477175946,209968.24422862285,2.0062171943305103,1,standard_kit
0.3761192693589699,166962.41323597566,96639.26301311234,5.828066420110826,0,standard_kit
0.25039382820068834,185279.25193503892,106318.3260773854,5.698974963289293,1,standard_kit
0.07716462958177582,347519.4213735918,186317.81102157553,2.048654800777615,1,standard_kit
0.40891970727040483,363013.32843659486,171234.4025822972,3.848021488068823,0,standard_kit
0.06574947856879355,366844.8579788525,211235.46115635353,5.033738451627653,1,standard_kit
0.36529602299953434,357214.32714912656,177769.5619422728,4.26375325929018,0,standard_kit
0.060314707917336625,226763.47262864246,276815.3698542969,5.889930593602537,0,standard_kit
0.43803735645950176,227684.15348165526,196947.94308270223,4.12729166317217,0,standard_kit
0.12093621612484126,164667.93063997163,228745.21229248843,2.769314847269185,1,basic_kit
0.281422172949148,120575.16495336335,269297.0545284993,6.882078121369143,0,standard_kit
0.3187178170174163,361659.82072860753,119374.37516664148,3.2101999638802328,1,standard_kit
0.25589543331803544,91934.95368754078,135946.9308237057,5.5884615527066615,0,standard_kit
0.20334357020699928,472006.52905405173,111463.73209480301,2.7157815583203595,0,standard_kit
0.26051643328143725,422008.8366521531,117927.67984598246,3.6450630689196633,0,standard_kit
0.19013708924652145,435877.58298076526,192516.7933868466,4.210138042152119,0,standard_kit
0.24715505618638844,458000.9665768356,154235.8517934928,2.9611600226353194,1,standard_kit
0.2115108459491138,233872.23682545804,174634.567905351,4.2497978818430475,1,standard_kit
0.3047921705782154,431015.3255076805,286497.96635881235,2.78581411495875,0,standard_kit
0.15706587301024255,121127.5851312422,121340.86955918962,4.795032694929451,0,standard_kit
0.4948954497113056,59738.80757370606,198162.41415961512,5.31856626260097,0,standard_kit
0.27539147902197453,403201.1275987326,109774.23101073019,2.3121714201400536,1,standard_kit
0.13737293483652935,83658.49159862268,153699.26265277574,6.35566060541084,0,basic_kit
0.2646800373052726,494836.1002966647,195505.18473491972,2.925704425210178,0,standard_kit
0.4398868082861709,353658.39332070015,279326.3491930675,3.126812126601619,1,standard_kit
0.05981305690597802,389052.3696089475,168245.6442566966,5.3067492004153145,0,standard_kit
0.35579935359827997,160611.73532503966,102981.33924293396,4.34375530217207,0,standard_kit
0.2965855085572676,353239.42726385966,167632.2895920634,4.496977995855328,0,standard_kit
0.12630109746656099,69448.97176473074,119148.23517479554,2.6407749228156634,0,basic_kit
0.4178643976872143,427021.5739656204,135997.92265828906,6.0286791093820415,1,standard_kit
0.21599808006830257,126330.8418642076,213618.12463299808,5.08527123052105,1,standard_kit
0.18221091296697833,363811.13007519674,103484.77324073634,2.67691021654728,1,standard_kit
0.42265633633560545,151016.22555472775,182944.75125000748,3.86999683512798,0,standard_kit
0.33733627078624906,80803.92624171924,211892.31720215286,6.052049663675151,0,standard_kit
0.454216587653671,266672.15534722747,174371.67847349937,4.841775229933104,1,standard_kit
0.33344766665203973,126178.79462275525,93825.27012474608,2.543243895664652,0,standard_kit
0.3833679460694519,378249.7947469474,287103.8713805731,3.8638852289464336,0,standard_kit
0.4264006533168258,156904.6295225682,163423.15346810705,3.2134719922786728,1,standard_kit
0.07463283615947161,204112.650306123,245715.4373866534,4.587327768268632,1,standard_kit
0.39922203149122115,305347.6630690128,155129.29843749065,6.2168056443599475,0,standard_kit
0.32616791683230956,178235.7249097902,185003.35139868376,4.181335674022099,1,standard_kit
0.08127850843183695,220094.65229448274,167692.72852219932,4.166710151841615,0,standard_kit
0.2788600648409218,417029.796968174,158507.84590192154,6.526754511635184,1,standard_kit
0.08710613509277926,130644.43230246157,94370.27544155574,4.880927062536362,1,dc_basic_kit
0.38117624077545004,86990.71526687016,162004.1875709007,4.8309554369870344,0,standard_kit
0.2959257712540474,197761.00330985867,267897.998079906,3.309549459376947,0,standard_kit
0.4791080918355338,240969.54515624518,228078.66771873675,5.038613739185632,1,standard_kit
0.13241091720729642,294196.67696145544,119084.57181908797,4.879552337086982,0,standard_kit
0.3227150536341703,217590.66327875317,208231.00092454784,3.98425735170932,0,standard_kit
0.14521196055672111,405460.2651002623,268446.17198977433,6.9534778294959025,0,standard_kit
0.32632924312732925,67693.76945081296,230006.80819297108,6.4094548247404335,1,standard_kit
0.37519236606238543,244295.39218935109,119736.87847133935,5.747931450384078,0,standard_kit
0.37503694819829236,222015.1615953821,263566.49934689933,4.686727942065002,0,standard_kit
0.41678329580717444,341410.32086308656,150308.80265777308,4.310299009473152,1,standard_kit
0.4340976025812425,484824.3133538282,180815.22886246836,2.924486976115997,1,standard_kit
0.08477227682022967,279668.93298298796,195228.55193782927,3.5286873700731185,1,standard_kit
0.20447022068258186,494094.58112377423,260101.32087563904,5.869803999116051,1,standard_kit
0.3592051341619126,186012.22771093887,276321.4990295322,4.268744769687757,0,standard_kit
0.27436382932604547,63890.65964410746,275930.5755581112,6.411347582847506,0,standard_kit
0.13580417603965617,124548.42536438574,91590.83625570813,2.739555681727644,1,basic_kit
0.2987193065750141,227806.1981485553,274377.69711709145,4.541735480068183,1,standard_kit
0.2333460437447647,192350.2591348485,100877.39320031447,5.234828420106544,0,standard_kit
0.22551722494443732,93674.35894251996,143154.73136348708,4.58424228153963,0,standard_kit
0.4143891728460487,244697.04846082258,192997.57094556658,6.446134457924936,1,standard_kit
0.23341925022448157,202152.09724680323,185985.1378008788,6.947816409145699,0,standard_kit
0.06190452746619088,105178.6492058473,210941.9587774784,2.579173291706849,0,dc_basic_kit
0.07612850250099108,183252.708775359,185889.24574740115,2.649774520384605,1,basic_kit
0.4353098187612291,448896.2249099257,276875.13592808414,2.6516205678006055,1,standard_kit
0.4822703645056346,185921.9894702031,138109.76964291738,5.405885480352637,1,standard_kit
0.3597842014050684,371279.9404589232,144804.93880769715,3.86338047747919,1,standard_kit
0.21396573234503607,325421.18584599,274147.58713861124,5.66657330632953,0,standard_kit
0.47237014210762734,242231.5230837673,105347.90274905125,4.027357364434893,1,standard_kit
0.3482613888690811,157561.53656165113,211912.16438096197,5.1380336066603185,0,standard_kit
0.42995009713970195,216056.61470567546,226347.19041312215,5.849290028394467,0,standard_kit
0.3946335368166542,316448.24606196926,191108.34468594787,4.741079553274603,0,standard_kit
0.2206126920976666,207838.94663720974,228846.37576462745,4.69751795225003,1,standard_kit
0.2654159903828535,146703.39510840434,124550.9292023934,2.441171626428172,0,standard_kit
0.13375946946564476,102408.23700123445,260526.44655430797,4.053908714547174,1,basic_kit
0.18140634519833032,445895.1220593044,118005.13789397711,4.728885766124688,1,standard_kit
0.40015654757893476,248140.83908835755,170162.48886314995,4.30990412833205,1,standard_kit
0.4522902763473987,331343.74478431855,105051.52026164116,6.503910000942128,0,standard_kit
0.3760071904631353,270684.66251156235,199042.21576348005,6.532653160597447,1,standard_kit
0.25932816349548726,442654.93326108356,223949.16148512784,6.109586902943809,1,standard_kit
0.08892917102288639,296120.6836016949,278244.3270190581,3.8764903768656,0,standard_kit
0.0756265769143017,266351.638077101,237867.23917920017,5.586495758437671,1,standard_kit
0.21844650407578425,466070.4456897707,198220.58329083023,3.976442305348049,0,standard_kit
0.2587197734454484,373860.31822040956,276523.40343406674,3.1629679948787954,0,standard_kit
0.32410427999598357,100197.4583060858,185687.36760817532,3.714513217754408,1,standard_kit
0.052920284624148745,129967.00753856632,202241.13061977387,2.3548231664276775,1,dc_basic_kit
0.4953753007098379,404205.28832274885,209219.70553401916,3.658887545023236,1,standard_kit
0.21377249753181932,426133.09453097946,171995.94517731335,4.303711086305858,1,standard_kit
0.43164259871050464,295335.8730906334,257696.53811316483,6.77740447390415,0,standard_kit
0.290735017549432,299504.85253998765,127035.18776901183,3.5670529310981247,1,standard_kit
0.10869775454000592,334369.83328315004,200968.4380743216,6.512267696027603,1,standard_kit
0.40890449864053485,247602.09842718777,234446.6512374388,3.1442913791174854,0,standard_kit
0.36942218371394425,356089.6055677568,270795.2343753154,2.954844488796247,1,standard_kit
0.2873462382181526,98816.56590488706,266783.6792868557,4.594977282160825,1,standard_kit
0.28154889110020104,482575.6590653239,191748.05788602837,5.3625568464870295,1,standard_kit
0.08936582258791763,387569.67070771474,218632.29023266834,2.221661254011407,1,standard_kit
0.34513202685824335,334028.3918040531,168847.5472258602,3.1053293252360836,1,standard_kit
0.46006032008943487,192344.92565426632,183635.55257604006,4.2784183325065825,0,standard_kit
0.09196021364961127,122429.96935552813,271253.1585146099,3.655021679915907,1,dc_basic_kit
0.16858015279200722,234204.33372302508,276140.7986384948,5.5631053967416095,0,standard_kit
0.4560385880489444,347709.5332583263,269082.81161340396,4.555802980206584,0,standard_kit
0.17795475941890698,335169.38454039994,117674.17236272764,2.8017955280195013,0,standard_kit
0.34427465248096684,222188.5197795072,260016.80426612723,6.472326896575453,0,standard_kit
0.2906681742244149,325978.8772249084,279672.74620429607,3.464528377416798,1,standard_kit
0.3183474222517379,416186.7330053964,162249.93891472093,5.6556555448221175,1,standard_kit
0.2371050057097639,61828.147551923175,193729.25788433384,5.89957889552705,0,standard_kit
0.18499616174917,252779.47156862405,245819.05116259918,6.815788501280511,1,standard_kit
0.07184005282835104,391349.85281005595,202415.62751312973,4.492537332620507,1,standard_kit
0.38492642268237387,295765.01170851977,288696.7043412499,5.079177577322161,0,standard_kit
0.3857420579874021,343164.2395680815,181142.67303136567,3.6743814673976685,1,standard_kit
0.35182658303542547,282504.3766724039,232788.54224147552,5.390896467060332,0,standard_kit
0.33963520465382924,496343.5451070399,248518.22803930883,4.316917429331599,0,standard_kit
0.1596727094753868,74579.6914200672,188820.08315168787,4.188261823622112,1,standard_kit
0.06005522019483105,270970.16979756975,261396.76114227515,6.277337645580527,1,standard_kit
0.41392192859844784,91137.44710153296,199230.91824143927,2.2508442174934435,1,standard_kit
0.2710123410631221,121903.5029511067,172330.1593603263,6.409812139159342,0,standard_kit
0.18807715881617826,222367.25768821783,111564.7347703894,6.260349189142785,0,standard_kit
0.09586935805125654,119993.04117521929,168682.71527008485,4.531831267808945,1,dc_basic_kit
0.07822471590562478,483659.22468049295,236787.29094665684,4.451014271028141,0,standard_kit
0.2069900248078298,476055.39952632156,274257.2823360214,3.809036840177451,1,standard_kit
0.4121316791451232,201249.3407992717,140335.88077206205,6.970868958408672,1,standard_kit
0.4634256872002237,337886.4704169558,161047.10346610053,2.555846663769206,1,standard_kit
0.45353811407587913,290188.9942672037,120792.19882088524,4.951076178143035,1,standard_kit
0.4640003756373447,417014.1412320959,228144.57884579376,5.408407950562085,0,standard_kit
0.4584764044082042,332350.524417624,282037.68600198504,6.671650041084722,1,standard_kit
0.2872511382201781,50113.604520752946,218190.44396963512,5.901017484283807,0,standard_kit
0.14873703735060673,393428.47352438245,213415.30600124528,5.219236014057734,0,standard_kit
0.4091209622765692,386081.65458325314,200697.98610008677,2.5840615840606134,0,standard_kit
0.14617083868366054,279375.2175049165,107691.1481371073,3.868667584157337,0,standard_kit
0.1702432745404561,456313.5379548742,235900.76528587673,2.6942082127399263,0,standard_kit
0.15496444482014682,458800.7925606807,210409.90870987016,6.406063662327568,0,standard_kit
0.28174208166311265,285760.25451697875,222295.35377125742,5.748105777818215,1,standard_kit
0.19482237867608598,323594.70403844194,269762.21860548435,5.787683933986147,0,standard_kit
0.11937022233140367,498434.9323661026,246792.15741220358,5.26128258886772,1,standard_kit
0.25392803535224706,184469.10566513787,246183.05043090522,4.535217684683548,0,standard_kit
0.44325825745332514,196077.75904016482,275436.7537758695,2.749855297317486,1,standard_kit
0.3067487847274875,132248.25619857336,287986.9902925999,3.6484744335252586,1,standard_kit
0.4452510226494142,453140.12262104056,206256.54639221192,2.6845789623844527,0,standard_kit
0.13814248328561185,385019.77547716984,111776.32320623315,5.624565714261716,1,standard_kit
0.12513824315264932,97539.28199160885,181825.98155508726,2.801143880110025,1,basic_kit
0.3090097065642891,491795.30803908454,247520.22929232888,5.510567750858428,0,standard_kit
0.2584980056958229,378932.76867250225,95545.06495236984,5.461276947979524,0,standard_kit
0.3470776887411306,432734.94932223856,101377.48767122981,4.296522394956444,0,standard_kit
0.4075820559620517,71667.85512794042,103431.55647656426,2.6761432705902615,0,standard_kit
0.3880882830434794,277232.4135239754,236207.15166566215,3.5740041306701835,0,standard_kit
0.4740175281463525,364369.22902716766,190233.32571263443,3.600465545377757,0,standard_kit
0.22921538412065523,294325.9630573286,163779.5887041187,5.501925665716467,0,standard_kit
0.14287403401168136,349991.35956467484,111123.4090523472,2.5687150970686217,0,standard_kit
0.29791068797654857,418043.32861571264,236448.05004117783,6.145343231080454,1,standard_kit
0.09983440408603353,218451.67833208828,154203.96211017994,5.8050364509295695,0,standard_kit
0.17998300549923413,431900.9040284194,143064.81401293344,2.9315345908713697,1,standard_kit
0.14354962486841502,123312.24714438083,220463.8403107102,5.595821908894447,0,basic_kit
0.22845367255868643,171898.72476186865,201802.17851936835,5.342565907339109,0,standard_kit
0.10004745875099692,69505.5289672966,162482.12836266033,5.740604000554631,0,basic_kit
0.06432878504664404,213992.065100863,218297.49416111762,2.9446427772434722,0,standard_kit
0.3455573020835143,220959.29517085414,144244.30407682364,2.787951610782343,1,standard_kit
0.3246120402304122,412371.7687432629,248966.05232086536,3.182419929613771,1,standard_kit
0.3687615212173975,343908.8016303452,135863.79006153077,3.8293585157448784,0,standard_kit
0.3471738981221048,246525.15117004997,121767.53907640313,5.968324905179006,1,standard_kit
0.10143260651407257,343451.2903806867,246487.88189977498,5.68961968739425,0,standard_kit
0.18098549661904084,73752.50773206103,231578.40613958664,6.627257961392665,1,standard_kit
0.10828697445515856,131122.19120826924,126527.7951403597,2.293147795493077,0,basic_kit
0.4293375809218534,332126.53485878976,113249.15053798759,2.057781405070928,1,standard_kit
0.3861066449099855,338615.068651386,257679.8176973384,5.495694148503995,1,standard_kit
0.1406871513132091,398360.5964183422,245319.6964393376,3.3964374789708285,1,standard_kit
0.20358915822045204,231349.891574121,155451.47473993286,3.6703944776690878,0,standard_kit
0.4849767465188964,375149.3434772703,221639.48164267335,4.734010129572561,1,standard_kit
0.31737171104584316,357791.14965208527,114832.03730956216,2.5120656156339924,0,standard_kit
0.41052001878552075,483527.0202664321,191409.53180953563,5.213472082740249,1,standard_kit
0.16906596564592813,146808.60189110562,93746.05841208398,3.625737231155751,0,standard_kit
0.14452381408068735,298255.80368868774,168320.37618431108,5.163575621504958,0,standard_kit
0.40276261798094676,320793.9989497112,104968.56429428102,6.1700345653669295,0,standard_kit
0.35864260485414806,499391.54822039936,185029.4360313765,2.855556666687148,1,standard_kit
0.35644006814529366,140532.86397499326,174336.32937057887,6.654365464572601,1,standard_kit
0.29868556182313727,285448.1089852815,178877.0053276112,4.653440705312219,0,standard_kit
0.303610254249447,205783.3884711375,99066.26040959882,6.614638825869842,0,standard_kit
0.3810638773878142,286651.83586054994,162323.2682563665,3.0386504110088906,0,standard_kit
0.1715011165045379,154457.87094639766,241296.7698199833,5.022813323021188,1,standard_kit
0.2087458096356301,71425.57029236965,163782.87467072404,4.019435586618023,1,standard_kit
0.4422365467340248,307654.45425396,233034.39052191612,5.8711109557800665,1,standard_kit
0.188989340455471,201134.44213737446,163895.74472674663,5.029544716066482,1,standard_kit
0.29583930712068457,131873.63078679514,174647.8882980373,4.472577284791592,1,standard_kit
0.36618775880300786,195771.0047351152,202778.42256585322,6.564927032155043,0,standard_kit
0.49996617207492944,72176.09065148521,280136.3873614165,3.885585320858401,0,standard_kit
0.2458810991728994,477699.0053405465,111772.08932933104,3.0999010244909075,0,standard_kit
0.2426417944812247,311516.5617379672,96582.75373223473,5.040505934260459,0,standard_kit
0.42916477074515036,416645.9066061612,211591.43676200905,5.1201421858640686,1,standard_kit
0.4124764000669385,240403.18889647868,279819.4177856853,4.195473107859377,1,standard_kit
0.3789841467805468,456491.60040478356,287944.62651094294,4.433050218446912,0,standard_kit
0.258453336834063,267493.199698514,186832.84947840037,6.7977670714995,1,standard_kit
0.1957726040723221,308275.3949903012,183616.3242170197,5.663428456984006,0,standard_kit
0.3239287171631819,271307.2910281956,218992.75414903922,2.553008757412885,1,standard_kit
0.44430048190923843,379975.2331404432,201126.95144099396,3.0606503543530548,1,standard_kit
0.44769985619386393,304995.2349209281,216817.61152282363,6.877883172177794,0,standard_kit
0.0988242552816973,172219.51561117897,264799.8851075788,5.632327768967656,0,basic_kit
0.2427576277159178,115492.78909519083,239261.23389752186,6.575225630723266,0,standard_kit
0.25912488028943725,322755.97499733994,189375.47833735912,3.5193073199436102,1,standard_kit
0.48992691538568894,270130.9826961663,182372.89180003392,5.709334300432961,1,standard_kit
0.355099106859163,93189.06351325082,217920.3497026232,5.570013542617557,1,standard_kit
0.23326088776793175,228027.85960697077,181141.2568840595,3.4734499271968753,0,standard_kit
0.061726048693516854,281649.38990020414,181555.87025312797,4.754081627253527,0,standard_kit
0.3044233220446382,422101.9552215155,93261.18035730097,5.137075556351476,0,standard_kit
0.09323418903726026,84245.47512501306,124812.82748146169,4.405659054137326,1,dc_basic_kit
0.4255024808064934,206822.90671070133,187702.7279991506,6.135893533290064,1,standard_kit
0.38863339725666296,420195.2552196734,254530.69181007383,6.164345208989947,0,standard_kit
0.2572291219586805,341790.76929721044,145745.40134542482,6.253002741507784,0,standard_kit
0.2431448507937649,180481.24481170403,194528.68662622978,6.017117845490814,0,standard_kit
0.45380253450594593,430400.80491018906,158992.41695184645,4.440417385985723,1,standard_kit
0.17980625768815778,271982.11125321157,110960.7979079178,3.907191490745036,1,standard_kit
0.16205898294804688,274258.3510897072,281659.6966142601,6.156881418571853,0,standard_kit
0.4726388447715929,489464.30264017294,260934.77405006034,4.451007292781334,0,standard_kit
0.41416062653906716,476202.4264563703,105698.48489338128,3.2318569931399095,0,standard_kit
0.41928151688023757,211339.70751642974,233957.45249365692,4.536717661611082,1,standard_kit
0.1378372164241665,113260.60789838704,159515.98087150004,2.7092491095962106,1,basic_kit
0.1144831961439205,196550.02952514234,288969.96141235856,5.458147452993995,1,basic_kit
0.06171329741771071,63717.467140124616,150479.70396579555,3.6796064081195317,0,dc_basic_kit
0.15666867901340603,59345.549019676044,137747.68907251998,3.3032939922372715,0,standard_kit
0.3983857212714461,227984.96131313863,203578.10966108105,6.782543731173725,0,standard_kit
0.15801728844386742,473458.9202137554,257025.23266864082,5.8844049787915385,0,standard_kit
0.37809647761769427,442110.80355449347,128503.7743639596,5.935347513619658,0,standard_kit
0.1633587194153397,280149.2752629304,231880.55394386625,5.118609846395917,0,standard_kit
0.22788162407780227,304351.8715268738,102281.31662822433,6.195864052551485,0,standard_kit
0.4924230304601338,52670.073535725416,273786.9486220995,5.795812405816906,0,standard_kit
0.16016527907786102,146975.52012519448,106214.98322945976,4.993868520668083,0,standard_kit
0.21936678228422046,61148.35712047268,272846.2752688325,6.805622009258586,0,standard_kit
0.18548923120934613,389542.7897129244,188161.44989054056,2.957974748422115,0,standard_kit
0.09933124384850103,115540.60821192399,179618.22255918395,6.716898594973755,1,dc_basic_kit
0.27045236395887123,441071.19611456763,284661.41590007534,4.0071908099943245,0,standard_kit
0.220410798499851,339495.9411541047,288076.8355396438,4.641994917007433,0,standard_kit
0.36269918861327605,153238.40443207102,220035.6251922024,2.6136965977215447,1,standard_kit
0.4179175461281958,120974.14268746239,115423.8583714097,4.7005371946089545,0,standard_kit
0.29491237152303734,332431.1154153739,191234.0171310405,5.056033759290967,1,standard_kit
0.06448838993930159,455376.64112704556,195832.62019113248,6.98850770904262,1,standard_kit
0.3285150603056247,373262.0985114717,192889.28562706194,6.875962055357633,0,standard_kit
0.07492582850942264,206845.99322151992,203898.36770400195,6.831986459371437,0,standard_kit
0.32736034561956123,314322.61787089123,93744.94275887814,3.741940300510287,1,standard_kit
0.3582634771711348,189842.76291758963,232245.45629410047,6.956332493725217,0,standard_kit
0.13899543242788331,499617.3050503965,232478.8603905976,4.277390757975555,0,standard_kit
0.41870576692479694,386977.634807833,113093.95503557759,6.259181293809503,0,standard_kit
0.45998830920832184,326471.7378905391,204047.88848916016,3.08159984509486,1,standard_kit
0.41588913385121884,240466.61424462314,203672.2364871549,4.529165898283011,1,standard_kit
0.18729913559543698,328168.53061680077,226490.08403808004,6.830060480638027,0,standard_kit
0.3139893556005355,203727.22811030064,107079.53842701622,6.735156984617138,0,standard_kit
0.4616668171360525,62989.177756113844,215300.66145321928,5.418674389107133,1,standard_kit
0.1942991268002825,227789.83506048477,146150.39014926823,5.989071612765299,1,standard_kit
0.4190125200194413,468716.3688109401,191400.5980992344,2.882133483012007,0,standard_kit
0.05426380906776344,331835.49264823965,244664.71054081534,5.608292747420787,0,standard_kit
0.05164101625310433,87780.06638190572,231129.18727260266,5.090254041676861,0,dc_basic_kit
0.3918702471525353,448247.12602776167,113780.60353559867,2.4577586787562304,1,standard_kit
0.39265141195720454,170993.68220368167,208236.95742321466,2.5657950329483814,1,standard_kit
0.4050397345335322,159696.27188722737,283823.30618814775,2.5422180887563095,0,standard_kit
0.468512077049673,183690.93595114438,121353.88746700046,5.621784674149178,1,standard_kit
0.1030578403191279,309741.0062566808,260581.41754508298,2.7085760412378623,0,standard_kit
0.15439324324265977,295109.6420452895,230509.6161107554,4.338661355572352,0,standard_kit
0.4566762141682134,271136.18958029675,244800.66258195194,3.7849090293887886,0,standard_kit
0.12975628899755906,372891.5885806822,146391.6654285291,4.752520703851089,0,standard_kit
0.3570031704094628,192441.97910073155,147577.7858759685,5.532382436097015,0,standard_kit
0.2887083500183669,401929.034707594,271203.89115529764,5.42361268610666,1,standard_kit
0.08743715458317827,128894.75527036961,161966.40641851173,4.577599579571883,1,dc_basic_kit
0.17836864787368978,402179.3550846542,102603.0781385621,4.321674368051927,0,standard_kit
0.28416749739843555,348714.5473626273,210119.34071589,3.9890779756112935,1,standard_kit
0.4335575525077253,357443.7392964139,114963.53380836853,6.309549741521897,0,standard_kit
0.3683923203266032,266699.028707267,249319.24828158165,3.654259024363225,1,standard_kit
0.3298474226547199,350150.6897063891,218349.2885002115,3.296829105837474,1,standard_kit
0.27321480047363667,85908.67095175583,264945.30104424164,5.716577468276356,1,standard_kit
0.18440779271636043,433198.0026722153,246967.44995652704,3.798817308483632,1,standard_kit
0.10366021009366753,74996.2550694407,112422.72966763923,6.234992998786343,0,basic_kit
0.234084215554743,116933.67944217386,166214.13528688444,3.6394435931857236,1,standard_kit
0.06283332226008166,309555.36882375635,244912.04998291747,5.5097241228729406,1,standard_kit
0.14497515017008278,382735.15495551116,173468.29465326515,2.2255450314266803,1,standard_kit
0.24461751914269692,84313.20395581407,284473.09695599566,3.9278144005516,1,standard_kit
0.23837233355236181,464344.16635504394,237148.08997868985,3.7161508748377576,1,standard_kit
0.06993294394864659,488123.44196031435,93099.98333806421,6.083393696379617,1,standard_kit
0.31507706908638106,322677.57785347,265997.13831216726,6.83527701614155,1,standard_kit
0.2973579151339563,266559.55491957645,110160.95697371152,4.304406383464807,1,standard_kit
0.08514693680941078,383627.7375258874,118104.74483601717,6.12418138576879,0,standard_kit
0.47442337360719766,197760.80854724243,236898.4801222102,5.498473504786825,0,standard_kit
0.09472225052788705,271968.99534729787,262993.71188609605,6.836929938318466,0,standard_kit
0.43467536805680124,462267.9620664806,197269.9255799112,6.055542571714124,1,standard_kit
0.050139379361752674,480044.9413586901,147809.94658915582,2.3873903298186527,0,standard_kit
0.4470264927704224,467181.10222303326,160263.1090506351,5.56640861191118,0,standard_kit
0.05887387949194065,168101.6301337281,158577.86591921118,4.677498577111868,0,basic_kit
0.3910154143514522,154611.06809754352,155335.62076190245,2.0821802896616357,1,standard_kit
0.21276086508511383,183949.0276681914,138581.93436432997,3.256564793627218,0,standard_kit
0.3821975600613439,248590.00057480708,211773.4189258466,6.608776225134465,0,standard_kit
0.23078534244124033,191375.3357563836,270081.0637130134,6.630306863933765,0,standard_kit
0.08190856504932878,218395.7580825761,151416.48261666822,5.994252301003172,0,standard_kit
0.39537801292791386,329286.6284543418,127338.85949228241,6.908898016389947,0,standard_kit
0.08206370839461424,393136.55469228915,257715.53327428497,6.032726123121025,0,standard_kit
0.4649541961825481,381001.18922056264,238356.66617794064,2.0510209364262257,0,standard_kit
0.07293831610624762,416490.6051856184,276167.4063119821,3.4391717015075587,1,standard_kit
0.26569637499718196,64482.98144693098,123103.94712098193,2.1531209111888145,0,standard_kit
0.37536549388285806,71480.20535544024,118850.2628233183,2.4705398436877974,0,standard_kit
0.22696090915641698,405222.3323098832,198285.87886099934,3.0942040847538803,1,standard_kit
0.14775506356659562,289885.4700460844,212886.73096701904,4.517792731627612,1,standard_kit
0.39159093262821215,310163.30319295416,186034.6883719179,6.2376600173100885,1,standard_kit
0.4029326171549269,73664.08709646968,209793.32726477511,6.3098337807855405,1,standard_kit
0.4652127427794652,164891.2105270719,126075.95377501426,5.081009292786483,1,standard_kit
0.219274299693985,337259.437198465,185922.75083281667,6.640879695331175,0,standard_kit
0.2778132805237971,436631.8505498043,221618.51218793358,4.500311632951041,0,standard_kit
0.21340779928073245,462642.5287316311,176541.28984974074,6.445180220666008,0,standard_kit
0.16568681983311567,275188.7731257868,225889.46716331958,4.2703262816600605,1,standard_kit
0.38796483269192383,295463.4047321889,180238.25611076792,3.3861250371094114,0,standard_kit
0.20284333025762996,424872.3339810459,156719.91616845544,6.582064590502139,0,standard_kit
0.24266724889655844,291931.0703363096,150721.00941741848,3.9396753783943463,1,standard_kit
0.23165314593081254,282586.3364917928,172180.41179771762,4.517020544222309,1,standard_kit
0.3706975515410356,457287.81699242914,94617.92453644017,3.644303162653386,0,standard_kit
0.46300803174980587,405469.72447514604,223705.02768922274,5.314188001453649,1,standard_kit
0.35004022758831976,459082.6368625825,259021.12819605236,6.9751561250301775,0,standard_kit
0.2622121682424047,148211.17465151922,160925.4188886237,2.1275677443238483,1,standard_kit
0.40064230163249753,285968.9689949105,99206.62722834371,6.499240030035507,0,standard_kit
0.3384370958549619,429112.4578670111,287355.1194771115,2.0196302849463272,0,standard_kit
0.07727466070301607,100016.52236019901,142739.6510902134,3.8211394057310555,0,dc_basic_kit
0.09304861388847874,407597.9694322828,115324.2243381546,2.8430340314475715,1,standard_kit
0.067062624833135,132338.02253669128,163950.5015946056,5.786708903362756,1,dc_basic_kit
0.25556734679284393,413653.4397433945,237711.40812671132,2.2530542037858674,1,standard_kit
0.4216340454525342,325400.42190059065,148783.31937811314,4.767424767921639,1,standard_kit
0.19088742620810845,136956.19616819022,204940.64078389754,3.4746306692265634,0,standard_kit
0.22287208239161677,263009.3806997605,173111.99888742843,2.6683512443235107,0,standard_kit
0.45926469876555076,356857.3249073472,113552.7984553237,5.8590910605132045,0,standard_kit
0.4266065503924947,335233.80539759406,156057.40249842205,3.0870841712762838,0,standard_kit
0.349271650572152,242261.23830426697,234974.10114281334,3.1183760602746946,1,standard_kit
0.1700617019415131,454714.93801441713,212400.77946628915,3.375383925689615,1,standard_kit
0.10266866720979959,283668.53651952994,113955.6759767122,4.933833819140137,1,standard_kit
0.05722647020605118,277640.2843379098,122664.48194286172,5.298329658453741,1,standard_kit
0.0981548026719894,78012.76547365442,218146.67186148907,2.088012618506725,0,dc_basic_kit
0.18166839963077425,464954.1754089367,252683.08286417378,3.2093481805689517,1,standard_kit
0.2983055286107731,129702.45590526785,159894.89919163386,4.1548542125264145,1,standard_kit
0.07880003723857411,287755.1120464494,209062.15036869003,3.6598847608061655,1,standard_kit
0.11130250024330206,411605.4206301396,124128.71775042106,6.420853292554431,0,standard_kit
0.13148631603857347,146953.97463003948,152275.26738106477,5.9385436544320935,0,basic_kit
0.33439194184248777,287317.9804868785,94054.04113461052,5.129451077694138,0,standard_kit
0.327105409541056,158308.2091505034,243655.1895599045,3.6902120799851987,1,standard_kit
0.29784457686746885,391862.74900996033,170201.96395459335,5.503361724230799,0,standard_kit
0.16272564111317284,303953.5255429178,253225.11473079078,6.218190064228972,0,standard_kit
0.2170038610484294,435189.13717781455,231674.59920454526,4.9741518867949335,0,standard_kit
0.09351037235198437,452551.1012948223,255748.85314569538,5.922307334466896,0,standard_kit
0.1519072716911247,341930.06710042915,147131.73391657654,5.7455248069987395,0,standard_kit
0.4539673519126612,376426.060771525,127021.74608556906,4.8586865558016115,0,standard_kit
0.4908612858961228,297149.0449490887,284381.13653033413,3.560916084107555,1,standard_kit
0.3414468135381326,222992.9298803223,233465.55740817392,5.728910790006359,1,standard_kit
0.4625704814105391,341653.06535937556,256808.45358533406,3.033981831788032,0,standard_kit
0.3392338551806413,458729.880569298,92626.67474198675,5.897441732357668,1,standard_kit
0.06493841874746145,237506.1711941471,160892.3240591773,6.022733460712665,0,standard_kit
0.49854316324388404,191484.5118682079,238563.33811546635,6.1107243978518655,1,standard_kit
0.09452853575894071,224796.62234865836,105596.56659799666,4.364579854892288,0,standard_kit
0.3571888106502773,245928.93359521983,203467.98591378712,2.9624038388521083,1,standard_kit
0.16377629138365551,83102.4630399723,175814.55349100064,2.4986180003303438,0,standard_kit
0.22639150080813208,274298.82819574745,93523.30142822146,5.716806252439621,0,standard_kit
0.3406703831604222,272441.4116225268,137195.11542389027,6.431306922649066,1,standard_kit
0.24641930718846816,314799.7224382354,146958.39781334283,5.254191794184534,0,standard_kit
0.1627457265190077,213269.01371209917,112371.9892692645,2.720800301941848,1,standard_kit
0.20050078409524613,325898.4181800154,216307.38194853207,6.67448224258787,0,standard_kit
0.20369665261542935,445197.33962339134,138479.57525037782,6.945510072696598,0,standard_kit
0.48169575702869616,479961.9457228239,145523.89992387767,4.166893049674609,0,standard_kit
0.40937585716555297,312625.49726347235,269647.7196400295,4.974126446368857,0,standard_kit
0.25634694716573003,69165.9292866409,183424.6185386279,5.886142600008289,1,standard_kit
0.13991941415361386,486156.19877019903,168425.62939385447,5.681948950250224,1,standard_kit
0.4149572496181952,367637.9274033153,234774.20766294343,6.838935959667246,1,standard_kit
0.12073211222376809,201183.64184914346,271922.75937658246,2.5744154553939445,1,standard_kit
0.14470799771390153,116220.96543367552,95007.26724748877,4.903624330714028,1,basic_kit
0.214706026328068,114538.37550632373,179647.7693110793,5.459657098365461,0,standard_kit
0.44615668813339554,125484.98276282122,212156.27121558946,6.450492120938351,0,standard_kit
0.10930400088534961,70507.63472621914,153712.61962519793,6.370548138590753,1,basic_kit
0.10500538678453675,455969.3848938102,244481.54442464834,6.8899989678064495,0,standard_kit
0.2722887447373697,293345.70477230137,284295.41405405477,4.560392269688395,1,standard_kit
0.1743847434921536,364981.7357212267,278685.4732500566,6.153804334066133,0,standard_kit
0.30592757374167195,422648.82917073835,143196.50787598838,4.136408540636639,1,standard_kit
0.2532365081074506,406193.4528499401,135267.6556874972,4.111569389280161,0,standard_kit
0.2457315978580476,447172.5306779787,281498.1062042442,3.266741822364295,0,standard_kit
0.10038783671914697,485264.58013622835,181725.69748629318,6.091186435096149,1,standard_kit
0.11347236061242807,247581.7766338728,131659.54461693834,6.929075529067578,0,standard_kit
0.41948535985108254,477650.96000077575,231399.39272608364,3.2817086417362895,1,standard_kit
0.448647231907285,375480.47675426735,146884.06478075832,2.2806579401053617,0,standard_kit
0.15560758979836262,81800.68563863532,143449.39501421046,6.077712187095036,1,standard_kit
0.10105722568614608,356802.4045455554,265849.8086155569,5.101150262673781,0,standard_kit
0.07403750237052978,359022.49682218186,122495.83067538068,6.798494002755022,1,standard_kit
0.32373392618385355,457637.2537066372,102878.58929324728,3.2611960953847614,0,standard_kit
0.3719089456250925,217819.45961154142,143837.28803433746,2.3551382900064053,0,standard_kit
0.21776449514144247,313210.17512231803,211389.08256764075,4.462211304332508,1,standard_kit
0.35585414037078783,55484.397955284134,114617.57068065411,2.4273301148257374,1,standard_kit
0.37083146700178676,199433.8589816012,184318.93445535874,3.3089500055135375,1,standard_kit
0.4709040266286074,78009.67677145143,215467.42208506397,2.6298893040958413,1,standard_kit
0.07919313702579826,284842.8377442036,259747.39851863479,3.1206608983003936,0,standard_kit
0.1365312754539859,417851.4427281289,135973.91824045088,2.5307232641069595,0,standard_kit
0.08083669441864466,142899.21145808103,253469.26467655788,6.769529997136427,0,dc_basic_kit
0.4405972700012497,287348.4705010003,136981.2522262477,3.3928135672486777,0,standard_kit
0.4066642220151058,141803.88642984518,225353.3082479281,4.219487929962828,0,standard_kit
0.30858893177982755,104309.8105308082,176134.714296491,6.493059038171111,1,standard_kit
0.08764853452303242,279948.55637045414,112936.24847573403,5.386607939807371,1,standard_kit
0.17299056139417385,85616.87942737743,232852.69256436973,5.090187402808872,1,standard_kit
0.18397393162633263,314309.58401209523,133552.52370980356,5.527815951804186,1,standard_kit
0.3023344382069377,64101.85730452682,125324.68520491829,6.144111285526909,1,standard_kit
0.16611975231652196,98021.73734076899,161664.58571787665,6.3883463392588045,0,standard_kit
0.08283193876082967,297498.86846931104,220658.0489518967,5.213198353325133,0,standard_kit
0.3788430358339847,316133.3358045112,136799.29575812555,6.450036373470288,1,standard_kit
0.18458609524493508,63044.118542191136,126732.30775637715,4.676987637127384,1,standard_kit
0.2535683796604853,308019.5546007013,91990.72514267286,3.3864542813421172,1,standard_kit
0.1074499857420374,427326.13639563665,184328.6194203447,6.400383544419222,0,standard_kit
0.41114673652756084,375042.2797822793,175729.11386303656,4.7073641370654355,1,standard_kit
0.30448934461582594,109033.29676435937,136773.54872747525,6.530687937836172,1,standard_kit
0.45571353179443824,316613.5914036267,100730.43280193815,2.200839069752906,1,standard_kit
0.2729622033794,352513.62503339606,175851.1749191674,3.987578757706178,0,standard_kit
0.4736415523180459,66754.0407885313,247641.02221432625,6.739025091812341,1,standard_kit
0.4513406919715967,434906.4509076302,233056.4262654354,3.2482504637915137,0,standard_kit
0.30940693540665526,457820.32878042356,262158.977972034,6.707681230192463,1,standard_kit
0.4702520471674385,432703.5230130164,91916.53754263112,6.769512305646249,1,standard_kit
0.19538993628254853,421084.16059510096,283283.8633609197,6.410711571129305,0,standard_kit
0.21453897321689513,385234.33930740197,158282.45052548966,4.8183402254664935,0,standard_kit
0.07046507808771663,335044.41407688207,288079.55921839294,5.234697245403193,1,standard_kit
0.3151404080437339,355382.15224471333,140523.89212035493,6.348084992249346,1,standard_kit
0.37486578646802,412877.88200074236,184307.27751564895,5.879485411945922,0,standard_kit
0.3980836356089464,348124.3062625871,160785.53531506073,5.150469247277058,0,standard_kit
0.11741732872074649,197477.13050693195,161152.1429988605,6.911297039353514,1,basic_kit
0.24987158254062514,219182.49597260926,258456.41974964316,5.428383181668471,0,standard_kit
0.12958844544226206,453675.8607675315,239283.78794746776,6.877409962238806,0,standard_kit
0.34795730698441196,57704.938608722856,288430.2870460096,2.286942373035454,1,standard_kit
0.12107586758979566,364469.2615599269,212702.9365435025,2.6948018537110623,1,standard_kit
0.4568736577802337,479649.898591347,182651.32087890053,4.2572942300024526,1,standard_kit
0.15378559054763602,367802.67648108816,108014.77258937823,3.924397304421576,0,standard_kit
0.1811310198297102,497260.3947043019,289312.28390277136,5.913674206785139,1,standard_kit
0.4329078449679499,359395.2074877489,200306.13058645657,2.8030701323460185,1,standard_kit
0.25631042456557573,65463.363147587486,230095.49393802835,6.880475895557443,0,standard_kit
0.06079817561003287,422154.4467411156,171348.47743826229,3.57532937630457,1,standard_kit
0.2725638130411906,178083.4603726936,199543.14163584716,4.144618538700797,0,standard_kit
0.08804450092105537,250725.75154899844,278515.5463785775,3.3737251622001145,0,standard_kit
0.49340512340928977,190441.36215818694,123283.88758632055,4.896818086632736,1,standard_kit
0.3146502067050211,170849.34779435577,148474.51686605092,2.29314350211292,1,standard_kit
0.1654396779249403,244132.5666514034,120411.94555560646,2.748387527852244,0,standard_kit
0.303672955796428,220438.15179830318,248443.18076095494,5.728988517093621,1,standard_kit
0.08459019652178967,335002.36182916525,102409.05208436592,2.9325029170240198,0,standard_kit
0.40995108692096766,415918.0404443798,106326.32997026766,3.1775722577833143,0,standard_kit
0.46639762423887365,183689.89393425835,149698.82255747373,5.964911178624188,1,standard_kit
0.4434999746927718,146174.51876990782,192837.63618420225,2.466505891786268,1,standard_kit
0.20379092103435326,350102.87189165404,171254.9601119173,4.187369113854205,0,standard_kit
0.19659565383951583,351644.02962385176,98963.26213416146,2.1153169349861347,0,standard_kit
0.06578942504733501,455509.0576787773,281498.3115741903,3.734036996589519,1,standard_kit
0.3431301614154125,57175.558903989884,280573.9040716167,5.494907013053773,0,standard_kit
0.2907071528854077,433868.2979524295,145871.264648152,2.4505163985861413,0,standard_kit
0.25670586709730364,284450.9778267606,236305.1230537163,6.441673133893801,0,standard_kit
0.45843392900061813,329585.94012744445,205715.08227664477,6.54749521470358,1,standard_kit
0.12554550548728083,91117.14825263665,137495.3390011248,2.5249518756256757,0,basic_kit
0.054349820010582056,244676.71979242054,142434.31034832308,6.953662181878883,0,standard_kit
0.08299240345434444,152286.0832573357,188230.6348620901,3.4876477669774446,1,basic_kit
0.150517147022316,164401.2635371291,173847.38829947202,2.42050835565803,0,standard_kit
0.06497849716855562,276842.8016042124,148245.86564625285,2.0253355724863114,0,standard_kit
0.276279669789411,415605.17768140056,251502.31926102977,4.0426144788193135,1,standard_kit
0.19134070485511012,384701.4185651853,186292.583527477,5.149049928530588,1,standard_kit
0.1312173536306597,315949.9815886792,220969.61247782558,3.6608962495165662,1,standard_kit
0.387537833726898,292738.18673906015,127854.70003357509,6.183586827373114,1,standard_kit
0.14200309680463852,242287.71945552048,196701.53250329735,5.58303137782525,1,standard_kit
0.35942229544720694,487719.48810262384,153595.2098893243,3.7508076598401634,0,standard_kit
0.20716920763143754,302086.649405405,195282.72207897564,5.671548333043023,0,standard_kit
0.28032249229814954,164284.87924049995,246165.16668218563,6.702438684846249,1,standard_kit
0.4702401679330939,153540.85641801782,243782.64201825234,2.4654799927150854,0,standard_kit
0.06680823566711577,325108.8638488138,160844.13560685518,3.5305198007880843,1,standard_kit
0.27511902836485785,285272.3872899179,228855.42341592783,4.316629695583466,0,standard_kit
0.4344903321474282,53464.01132962076,278257.9900788554,4.489950638773843,0,standard_kit
0.3145884117666568,423529.4174881007,215133.8659849813,4.710978224430368,0,standard_kit
0.17459173263432048,366855.0594045956,119682.02467652744,3.5031345326932426,1,standard_kit
0.22895651081526547,347823.1803551466,225941.72585581904,5.336298229911746,1,standard_kit
0.35611953292785853,80951.29596394653,110980.87726986226,5.2254225176491484,1,standard_kit
0.45086535244121134,212925.13257762115,264422.08175860543,4.88910753135807,0,standard_kit
0.06847986818597522,470922.0173297538,193332.09916038805,2.568808608554383,1,standard_kit
0.08219246985066939,438165.1586036137,167028.1472623159,4.384839455479723,0,standard_kit
0.1962731856243144,178494.32204129006,101401.31892993848,3.781134437446878,0,standard_kit
0.15475085799686555,120676.49784461242,166156.74691842194,4.455192349190613,1,standard_kit
0.16921889880008273,252089.58072585968,270641.33358315786,6.60933217757513,0,standard_kit
0.14957149938164643,210123.6704004474,94196.59925726063,4.402656715792041,0,standard_kit
0.138121271984821,357001.869517696,184929.63155636098,2.069903959197559,0,standard_kit
0.1087807850911813,484895.66453794384,276231.61822212447,4.194183690420655,1,standard_kit
0.4702793593078571,213350.65249215264,168968.1999530042,6.10324090024691,1,standard_kit
0.11488525875776888,78000.8776935089,175635.13749243008,5.900304616090841,1,basic_kit
0.14198169864449128,453926.30375407333,205712.011039824,4.566950367640905,0,standard_kit
0.1608195757913536,67077.37860794186,182587.4667154367,3.2488450642965763,0,standard_kit
0.46985669290868926,478744.6537189999,123720.33824751049,4.325443314572725,1,standard_kit
0.39007136012048815,349060.7426040679,93711.10781397208,4.818511097090958,0,standard_kit
0.4053647436419816,473760.14379887714,211962.33159574034,6.999357191370669,1,standard_kit
0.09714121679232413,139846.85899204022,274161.31740156247,5.220890450846887,1,dc_basic_kit
0.42633944375705224,68314.90786421343,111272.82660543313,5.4713246503130675,1,standard_kit
0.2336868868178381,269694.4902244213,132190.54385055066,4.4572707178402595,1,standard_kit
0.16827036179557492,252780.53655655636,164045.8971649947,3.7724477539126493,0,standard_kit
0.30908753758413976,199171.52296469727,251748.44580422394,6.06476491823603,0,standard_kit
0.41998230761753025,480945.41347491386,143852.0632941955,4.474661621696181,0,standard_kit
0.40039346798370923,420162.6794726445,266410.88085575367,6.973450649822626,1,standard_kit
0.45049886716150944,347711.909619017,100991.57493001327,4.28560287134022,0,standard_kit
0.46765948370694976,123286.23123702248,278191.324251787,2.340001418237887,1,standard_kit
0.1571549321424873,380445.5336983361,202149.41557475296,5.412890685450414,1,standard_kit
0.24073605237617224,377155.6046148758,221755.5356975409,2.2332072546290553,1,standard_kit
0.05658284264228151,241280.67812720337,163537.9045072706,3.2525079844235165,0,standard_kit
0.445694746669277,466153.65937130613,246398.85710221206,3.768691263899517,1,standard_kit
0.1195574681636454,125140.0470030547,123313.25001688121,5.697417928106638,0,basic_kit
0.43766366555421243,170301.90308524892,99782.3650556974,4.471179632038064,0,standard_kit
0.19822429489396837,78450.95266278514,169103.38862151143,2.143229656551283,0,standard_kit
0.2156601154915122,407952.9311799144,260739.1427962079,5.084249256379611,0,standard_kit
0.06760951451773672,329791.72374292876,240985.36732753893,4.057181187133311,0,standard_kit
0.19709545539439383,191723.1375565623,193431.1940977916,6.609172549835535,0,standard_kit
0.4497636572605688,123716.14861744191,204427.5494330707,4.497811555701177,0,standard_kit
0.06149633050472186,68066.49651293317,115978.56525975108,5.544875729696695,0,dc_basic_kit
0.23284736287102642,125035.50588167146,258136.30172351643,3.0943424616477344,1,standard_kit
