daily_energy_kwh,budget_million_xaf,avg_cost,lifespan,install_type,label
2.0922233374350254,0.34103362222499867,367288.7542882668,15,1,poly
15.047827214275413,1.3262243627198755,235026.68044256148,5,1,mono
18.129358712731015,0.3327452694054786,225044.4988906968,20,1,poly
14.881531720426079,0.5045421717773532,312666.3826404786,20,1,poly
10.679899396157817,0.949807428184015,31879.16080101907,15,0,mono
17.220323044688257,0.9756075944395597,369570.69777500944,20,1,mono
13.913621676641075,1.0641078744316825,103056.06232371874,10,1,mono
0.2604948928812876,0.21241698394889824,394123.98701570777,15,0,poly
7.912098547851336,1.2817234233964052,302413.960745371,20,1,poly
17.026490393165663,0.8226283418107269,316472.9246492483,3,1,mono
6.9498842166066215,0.7334166014523491,272795.10273823445,20,0,poly
0.7525427118341939,1.472591555544589,204515.37763050932,10,1,poly
14.936283789117834,1.1235485305644786,241502.24654363122,5,1,mono
16.05066349214323,0.22110873859809355,47169.06782559649,5,0,poly
3.2538442161140053,1.146981792478049,260865.01848984527,20,0,poly
10.769942912021465,0.18811095426066077,261656.2977352073,5,1,poly
3.8795110079647284,0.08983231564382804,359744.2950386695,20,1,poly
14.398726659930729,0.6352575481413508,217092.8522491812,10,0,poly
5.467431580790839,1.490688350587867,58543.41841184258,5,1,poly
6.358491695138435,0.3035817074825508,143292.49057837005,3,0,poly
16.90716853012002,1.0253342981138456,272582.8824822975,20,0,mono
9.552630926527742,0.30142429599887305,118525.77921804164,5,0,poly
13.411601301804044,1.1009411136896599,133795.29408649832,10,1,mono
8.07734236191323,0.7827628189448479,333573.5360535158,10,0,mono
5.9952368010154204,1.0359589796295956,246198.30075220234,3,0,poly
12.528287305471995,0.34416610507564016,218155.14975622183,10,0,poly
3.1394086028724844,1.131161082154728,147827.22771814762,10,1,poly
7.4913467195589165,1.4936476364529248,300443.37329522235,5,1,poly
4.220288895849149,1.0151932259076417,136455.82076131087,20,1,poly
13.931109590467873,0.7655459972056726,302713.5015283448,15,0,mono
18.886966325004845,1.388602283497934,55937.54769895354,10,1,mono
19.910443811916533,0.07298517123622064,349880.29638537095,10,1,poly
9.033022368309735,1.1083891029644406,214839.59144909514,15,0,mono
5.087981273247067,1.3386824493800287,192247.9661786189,10,0,poly
8.884445939167266,0.1394281462503883,256078.66227051208,5,1,poly
16.95302472875634,0.7025930471028494,260951.06697162005,5,1,mono
4.159813287113195,0.3468432082274984,78853.01544929836,15,0,poly
19.04430825047583,0.8714513401023536,309806.4282319989,10,1,mono
6.870222087523112,0.9918372899753077,132093.4702415233,10,0,poly
19.716783006033584,0.48880361524669474,364835.89566286816,20,0,poly
16.780247306302545,0.7169734210332462,332604.74546348804,10,1,mono
16.180982156240436,0.45504225365101125,158118.43536785693,5,1,poly
6.392198241777007,0.585617188459915,328863.53848426434,3,1,poly
0.22510537836119282,0.2813329371982142,161864.48474096454,3,1,poly
7.6735515310784566,1.3340611931991655,67350.64220533503,3,0,poly
6.071096924770738,0.06451509531074782,385898.6483285119,3,1,poly
0.796069958655506,1.3294933203434933,271462.7456297128,10,1,poly
10.132036867293298,0.8789343736071209,198756.8248651589,10,1,mono
8.090474660090596,0.5309038740566754,177176.14006648466,20,0,poly
12.709401531443419,1.098432831917478,150140.97367555767,10,1,mono
12.44266712777196,0.7862406202008633,393135.61030877783,3,1,mono
2.458895386138768,0.7737075542560294,79856.48809843574,15,0,poly
19.54046264522612,0.20970631023250136,146477.87180061027,15,0,poly
3.7792820173568655,0.6147982376208426,209634.1269045855,5,0,poly
8.933216794055857,0.39954330149226813,206859.8316700952,5,0,poly
9.787944991503013,0.07275906311460549,204405.59923090207,10,0,poly
16.270602804421696,0.5721444646340643,95040.01185724128,15,1,poly
2.029630442088203,0.1802420876671269,83625.0350305152,3,0,poly
8.601453370210209,0.4224035547015185,124264.00694158942,3,0,poly
12.58861829621227,0.18414910071548696,368374.6769067607,3,0,poly
4.342354651399908,0.19636535705677832,71829.59809876875,10,0,poly
12.567984580383152,0.33856637690202296,310247.2882481302,10,0,poly
18.477113509115572,1.4997814045052804,310292.90545934736,20,0,mono
19.950486716894865,0.053167007143010724,329615.04944198707,3,0,poly
0.6973989819739805,0.9760753223745876,358047.7309260615,3,0,poly
4.749985153481316,0.2548033621385081,127323.3856894042,10,1,poly
6.240626960044364,1.384910798230625,113087.00362949165,10,1,poly
8.012565703877074,0.18576769533376236,202237.09661516748,20,1,poly
4.883030293816109,1.4348416213330428,128082.99243825338,20,0,poly
4.109585491378485,0.935843261851043,301694.69592374976,5,0,poly
19.093349156229124,0.05183871152746086,265297.64339433046,15,0,poly
18.37450597527183,1.3463104369793688,353745.44457948103,3,1,mono
0.9875003950121936,0.8064821119820316,60613.17229021648,3,0,poly
6.80931978101672,0.43087111622920254,368580.8333424877,20,0,poly
8.132713645884213,1.1625548073976637,138538.99186793313,20,0,mono
4.81833996658557,1.3936650531359616,211556.90799298408,5,1,poly
12.596014294914102,0.7513516935628511,192286.23129766816,15,1,mono
12.82559589555261,0.5075525379425108,311315.31090863683,5,0,poly
17.017559355155512,1.193970429705644,185523.32448978175,15,1,mono
14.830341904285095,1.0385889717932593,379114.66389028146,3,0,mono
10.874337872970814,1.338691101437895,363937.5365762729,5,0,mono
13.089056062386177,1.0541453185037297,352699.6262287174,20,1,mono
5.516076191783211,0.4031160914043276,56365.58307984432,5,1,poly
11.881470989848786,1.4009059121505776,346075.4827749576,5,1,mono
9.810083732260889,0.2020118334486874,319205.11481398786,3,1,poly
2.7102221229615893,0.4385169876549294,68299.79039226848,20,0,poly
4.888758317830265,0.8042821811996341,69743.3004114021,20,0,poly
5.869284341895641,0.8703259378028071,67430.61026149023,10,1,poly
18.489975862698532,0.07220035060901288,34193.059485660386,10,1,poly
4.6462134557484935,1.1818304524403629,232994.6929219959,10,0,poly
5.820415861252379,0.5743306117168149,390155.887831336,3,0,poly
7.418614895284174,0.6393068844530998,192313.3400729236,5,0,poly
13.291667635576472,1.2235858394335712,230080.27569832187,20,0,mono
2.408855929819203,0.5999609180049397,388148.82480488357,20,1,poly
19.081206989250834,0.11847607091739448,124417.42464646536,5,1,poly
17.31814584089055,0.30583766718200794,347633.99346135726,20,1,poly
11.565460656528556,1.4360595999628645,232164.47286834236,5,0,mono
13.497055455127887,0.15208777548364555,240706.31042531398,3,0,poly
0.382376401322109,0.5646502414036235,156974.32716669491,3,1,poly
6.811948268201551,0.7796097922244497,237786.213557756,3,1,poly
15.923421601695768,0.7652571996409121,57062.72850696505,5,1,mono
1.5957853271580984,0.055741917367606995,312918.1218672215,5,0,poly
5.682160992503868,0.776685960613361,135334.47177138051,15,1,poly
11.72667172526951,0.6064700640672434,358415.08191276336,20,0,poly
5.165439902593889,1.459515036438108,166104.75700475962,20,1,poly
18.682860584183157,0.28078067179105326,82844.92088014656,15,1,poly
2.6646196845455927,0.5635235853012678,287476.18251633947,15,1,poly
15.958017440260182,0.6582481533802387,90893.91354399605,3,0,poly
10.183576403532845,0.6165056287963757,308861.79075090645,15,0,poly
15.019098977608122,1.0154547000952006,388201.5274702631,5,0,mono
6.248770799813376,0.36249364344426477,318434.56145424687,10,0,poly
10.314067566125173,0.37055375158028814,38306.22191959013,5,0,poly
17.14386522697737,1.107355875326237,251957.74157952663,15,0,mono
9.364218077505933,0.7754212520833605,287301.948258798,20,1,mono
7.226411245109879,0.6519757302831001,335419.5805446255,5,0,poly
10.746299955742085,0.2953444249320151,50720.854307430054,20,1,poly
14.36138692307552,0.32191447322264155,207639.89634234595,5,0,poly
8.89908874269513,0.06529987338305579,228087.2228762059,20,1,poly
18.780595654088344,0.18256808984947837,92576.19917834588,5,1,poly
5.934169189644724,0.8574161073008495,149306.42959294037,20,0,poly
9.535498943073954,1.3432160385121943,192882.0387147811,10,1,mono
15.150706803861757,0.4663889094393083,338287.58454438654,3,0,poly
13.797965755390376,0.5252334775493858,373880.79944597656,5,0,poly
17.279638995722266,0.21762813538669268,262516.44669953897,10,0,poly
19.936343154588123,0.613514871130299,176129.718827941,3,0,poly
8.565823659462037,0.10397147162552728,123991.4765856248,5,1,poly
2.267460051677071,1.3805210095797553,393390.0182413757,10,0,poly
0.6567968221189612,1.0260114547805665,393717.39928825264,10,1,poly
14.551194277488444,1.4865857736201673,372241.4708469628,10,1,mono
17.486572742608878,1.3300935858838159,320697.5854547931,15,1,mono
4.453216089591153,0.7358363608623214,150538.43118587876,20,0,poly
3.211038341938624,0.8035432951680466,332290.17889412335,3,1,poly
1.290991575937535,0.3263352674499311,181253.41639033385,20,0,poly
16.462923288258267,0.7199570471173556,150906.0463173667,20,1,mono
6.262069700857057,1.359390416564577,305600.1826325234,20,0,poly
8.06385301055754,0.12373746427194063,59471.95321955647,10,0,poly
10.079866322611766,1.302157364347549,47968.20761939483,20,0,mono
16.797092022480538,0.5443743123817841,195742.8679570387,15,0,poly
13.034122770151624,1.3542935093896493,194886.3563041999,5,1,mono
12.320539365663336,1.4142758641951527,361388.3366336189,10,1,mono
3.5546583941204184,1.0227540861527635,76676.64562649222,3,0,poly
10.288138339611104,1.013414490559383,75615.05315739273,5,1,mono
14.321851292714172,0.7064937896776732,84557.46217571343,5,0,mono
19.46655461645831,1.2615333255883758,41002.41667900296,5,0,mono
4.068055868806376,1.4443384997282607,56540.742991516105,20,1,poly
0.24038989369117159,1.1738686104917229,274151.85072674445,20,0,poly
1.5522636002894714,0.9518082639472284,189686.20177347842,10,0,poly
7.548256680380486,0.9298496989409384,312533.134822565,20,0,poly
16.419865722532442,1.2817313572963103,397261.15587521426,20,0,mono
0.19248453127648868,0.8347454603683826,273842.8320066305,20,0,poly
9.161775328072514,1.2155968350607929,48668.56112944578,10,1,mono
6.61815077606082,0.7878836200026563,68688.25995910636,10,1,poly
1.0970101164895651,0.14054419871218998,355971.5113814419,15,1,poly
9.032213919118716,0.6067231629110251,225173.49948655677,15,0,poly
5.132236711367541,0.6944393886236732,335189.7489764238,15,0,poly
7.070102445222778,0.25534500523059495,346946.56440322264,15,0,poly
14.127025330446646,0.1986196773243586,373239.5803548221,5,0,poly
10.454942129023793,0.8264241770025835,381436.80602995533,5,0,mono
2.536716208406626,0.1734582730063191,235285.5447062233,15,0,poly
19.2302200814516,0.48927049344062173,156177.46373473253,15,1,poly
12.736419775909281,1.1296656151464601,385890.0035087595,3,0,mono
15.329075091967505,1.448426660373572,232540.37022045333,5,1,mono
1.6303023426669978,1.0909123418002964,53773.50749320608,3,0,poly
0.988814670227377,1.489307045256662,267827.32352215005,3,1,poly
0.43798860484321933,1.062590058355134,247443.35764615398,20,0,poly
3.8164408540802164,0.47600198244877484,361443.36297104124,10,1,poly
8.317447534483978,1.0244761837327747,271679.2599883906,5,1,mono
18.719731361386316,1.0681273095355106,159149.39705077402,15,0,mono
9.168340202352237,0.5890041276938679,387503.5185111536,15,0,poly
5.840589352181961,0.07568508338361407,326599.20981335244,10,1,poly
11.260608307717284,1.069639687924456,263254.51880110113,5,0,mono
2.283094833789045,0.08146513814953535,138382.32525915548,15,0,poly
12.209642525549414,0.9652227131871032,168209.90963628935,15,0,mono
11.39021748889354,0.28724390867670485,277888.871915763,20,1,poly
15.850261016443909,0.8701251152346628,56632.90283142903,3,0,mono
19.73441785175963,0.78067388680187,124971.81891059749,15,1,mono
5.054925760736404,0.06959478134396473,294143.3453567413,5,1,poly
10.217646193535025,0.5761554346429001,207606.84864250975,10,0,poly
18.18186485606412,0.921582192724639,178885.61898133915,20,1,mono
15.714538194235685,1.2804795002532308,86039.32028815337,5,0,mono
9.773755746861111,1.33853106506295,193484.14275676105,20,0,mono
18.91016440981482,0.7515824565481738,315156.0291812865,3,1,mono
1.1918720356603472,1.1062126065841853,127684.75304660041,15,1,poly
18.623422463266053,0.5088591359735136,31997.460607960642,5,1,poly
1.0576224780369907,0.5461702883500533,277346.8134258636,10,1,poly
10.968729645087953,0.3319721028143549,389871.84364004445,3,1,poly
17.81429691262166,0.864824759490197,254525.82852777568,3,0,mono
5.2912828240479906,0.5061180188446796,74371.08780303816,20,1,poly
9.471357553955913,0.1723377998358323,148671.24416752905,3,0,poly
6.520361138782484,1.043258825661609,351027.3974464827,5,0,poly
19.04527114567321,1.0762421510278273,116050.18747502657,20,1,mono
16.481729615324163,0.571989007229634,254847.48429411498,3,1,poly
14.194580150961272,0.16124892921123307,178988.3470539792,10,1,poly
11.773158382971419,0.6681316902349677,106902.17692527013,5,1,poly
16.420806197016756,0.6913864141728124,330960.5506189315,10,1,poly
7.875727478394764,1.0195727831019448,304847.5722923054,10,0,poly
8.978659509365935,0.5073537673250911,274788.69440492825,20,0,poly
14.613534335563187,1.0397689556828928,117444.53839943794,15,0,mono
7.187207527709599,1.3136583855482131,66207.09100508652,20,1,poly
1.3248237938650578,0.3943547614251897,243178.95203560748,5,1,poly
1.5329754472771258,1.4694333563738546,234860.79840959032,5,0,poly
2.3514878860487918,0.6102337988483701,99702.45345390301,20,1,poly
17.400142400706073,0.43752509346323953,50811.276896613825,15,1,poly
9.470917193836277,0.6611912146399213,59862.12805177481,20,1,poly
14.272003268427493,0.18687634006059578,397325.2650097115,5,0,poly
7.8885412453176205,0.2322735644425677,319926.041054867,15,1,poly
5.211283400941908,0.6509293681040805,371135.3661071139,5,0,poly
6.976483742866128,1.155544556811695,102170.24722745443,15,1,poly
15.893937789077812,1.3554527473830118,385410.358439671,15,1,mono
12.523061694377192,1.0139860865385928,82782.11004506997,20,0,mono
18.755913610160146,0.2025683550953461,218360.2765695943,20,1,poly
13.610110332607839,1.0244286551617758,336987.40323431365,20,1,mono
11.425123553506145,0.9713704850193093,159427.2411692844,15,1,mono
12.223410379267397,1.2183576815253303,187186.55727545317,15,0,mono
18.85031021739487,1.2466105666456624,77428.4908106662,5,1,mono
15.774608550840787,1.3088944598795194,75481.09559961992,10,1,mono
0.5296226854604345,0.6504906961396927,259240.24316810403,20,1,poly
10.70608693790716,1.0619033732606091,279946.976389421,5,1,mono
13.782351310353969,0.4389630204373506,317613.0302104115,5,1,poly
14.986534644861143,1.4990376059760813,235972.3594922488,3,0,mono
4.3021852803130365,0.3042346499964469,268930.9381366832,20,0,poly
17.350188221304478,0.06466592590821192,35001.39052889642,5,1,poly
19.119070786144515,0.2657726360513552,90003.16904075959,3,1,poly
4.772470351605151,1.1750148198389836,394418.4634262547,20,0,poly
17.658178377469053,0.6978363309369067,58117.59733685777,15,1,poly
1.984726312196103,0.698875359325121,281151.6422362906,3,1,poly
1.1613513804991413,1.4347832334369193,95150.574221735,15,1,poly
2.6280148120498494,1.3834706166407076,295185.8767340275,10,1,poly
1.201934535367368,0.5012323698158133,291216.44909593754,10,1,poly
16.90799413125773,0.3531342867322559,116653.65212159338,10,1,poly
1.2280503819425252,1.2802992044039225,129764.72771110554,10,1,poly
5.469700617704927,1.3637276530143265,272265.16403277265,5,1,poly
2.119939053540335,0.835315538057806,174331.83434867905,10,0,poly
5.94366962445961,0.9626643811197957,101982.74878896718,5,0,poly
1.8566613786383637,0.4225257128038254,300721.4515513683,5,1,poly
13.37666485232313,1.2111638975688608,87034.58400444363,20,1,mono
2.709869986034374,0.9665775212510835,346588.15573363024,5,1,poly
17.044326220485814,0.7800945913820951,220427.7238991762,5,1,mono
16.35296146199649,0.13715740631367396,69109.22343534126,10,0,poly
0.3225506251386579,1.3781056956411728,286806.76340646425,5,0,poly
17.919740792526536,0.9424045595573888,222090.32464257997,15,0,mono
0.6274391190301729,0.3294020873048035,140281.30156407953,10,0,poly
4.830933409903254,0.9292598696254265,186339.5706828263,3,1,poly
0.6961632986311014,1.0323218636479614,140384.96512737454,10,1,poly
6.750077566434354,0.812366988190677,127319.5592248301,5,1,poly
10.30163718797977,1.0912475200362326,90535.11571217352,15,0,mono
15.943065136852004,0.8931082244965052,164223.83926086608,10,1,mono
6.792731931873231,1.4242658939466148,122865.26633694618,15,1,poly
14.124525992228678,0.12786076396899493,282870.76020994934,3,0,poly
3.7907139195236574,0.20405627728086273,283034.3942304234,3,0,poly
15.024439212045321,0.30182387358379276,215680.8897455862,20,0,poly
4.758132287889289,1.0507480523762815,317839.4751640188,20,0,poly
2.9137178810781696,0.9861140154872226,341295.69603223784,10,0,poly
3.748906564962383,1.3434853473040564,244513.58925068105,20,1,poly
3.6821594211930146,1.1126723066816526,259006.01022247048,15,1,poly
10.281614443570973,0.7871154569686588,134667.7866209551,20,0,mono
16.903711744703514,1.488156099072264,361101.6042610423,15,1,mono
1.6381212860004872,0.4358565364454838,38956.23643633604,20,1,poly
14.153778553943782,1.2581279066889082,158982.9136938529,20,1,mono
13.10421187007451,0.6688460396811831,297066.15597344673,20,1,poly
17.45677303899578,0.9906659513698146,59633.11857832966,5,0,mono
4.920743832112799,1.1045392821560294,97772.72514846826,5,1,poly
9.02969168076634,0.9689434264259876,248035.71930925493,20,1,mono
18.520256120148172,0.2537355895074602,237197.65844151643,15,1,poly
13.216869330199579,0.6922789655845025,303403.4695684534,10,0,poly
7.805929836588858,0.8640856480030303,330666.6764626236,3,1,poly
2.6716770379626054,1.2811134508089652,77574.44404931758,5,0,poly
5.286575907616791,0.6932863357579299,36800.96621683956,20,0,poly
11.645248775913197,1.3821835919661647,285166.25227379525,3,0,mono
14.377450553832249,0.6885426233865555,141514.96443355293,5,0,poly
2.532216642695275,0.8457307959313669,261614.04814964283,10,1,poly
12.011965337878877,1.2046142402670614,85701.49758302314,15,0,mono
11.029508012833084,0.8954481424121082,203544.81726640626,20,0,mono
10.303411161479625,1.4423162049550957,216637.15604347165,10,0,mono
13.81795619775606,1.007486954245485,246478.79205808995,5,0,mono
16.757119421915064,0.8079287083980216,219872.9060423088,20,0,mono
6.493644179378524,0.08420835328215401,213405.58498462415,3,1,poly
17.78579319271364,0.6499127014914783,153111.63697402657,15,0,poly
3.254640571740086,0.4839102079272326,56336.6874376919,5,1,poly
3.5018262015357284,1.1347532184368594,63122.47281483166,15,1,poly
5.3721026692972815,0.35200262897264134,190497.96153064686,20,0,poly
2.4346408474642023,0.3475691265764041,161643.45729376742,10,1,poly
4.644868532423407,0.3248026126941963,220969.87772956418,15,1,poly
2.1729146699117496,0.2321426390765421,142790.12262481876,3,1,poly
16.443960718858538,0.5009601553227867,284526.73383847,5,0,poly
2.82243138813816,1.3345870659429664,349663.2841435189,3,0,poly
14.958586273319144,1.1736462848436346,140579.37985114104,15,0,mono
1.005881664871008,1.1161142636448504,101404.08293744057,10,0,poly
18.972980533902607,1.2061383681924458,72986.81247401297,10,0,mono
14.237643746178936,0.4406559395278789,258013.9950112006,3,0,poly
0.18559114429293005,1.3367904515911073,194226.71672201066,20,0,poly
15.288937178994269,0.24908989395532638,99565.81536262692,20,1,poly
10.305934319285397,0.5377013037375938,271660.5913179865,10,1,poly
15.59833514818564,0.9007847725026472,84938.77771195522,3,0,mono
10.47381133736724,0.19921237809590092,235091.26116374246,3,1,poly
12.838445909825326,1.108688772275816,225044.90120134794,3,0,mono
15.737316525131057,0.6115067698950387,301664.28643885086,15,0,poly
8.131905689027741,1.1873882151321802,50390.566778046705,20,0,mono
0.10402758891801916,0.764699614097674,358512.98478499224,20,1,poly
17.00643259410651,0.3122680604167377,290106.9386743232,15,0,poly
7.648762734362018,1.1154046264652493,109966.61938904203,5,0,poly
9.946052384030832,0.41560873596646813,97859.97898560368,15,0,poly
0.20494451097167588,0.761674936838662,189714.27923319986,3,0,poly
9.867235606484455,0.15952324027751602,332499.17193150084,15,1,poly
19.730423661356003,0.9459066488974532,341891.4974614696,3,0,mono
5.601439833334454,1.015493761013602,222568.75409157173,10,1,poly
7.938594491335442,0.5990776044605362,348500.01919409283,3,1,poly
13.759440429550098,1.433913031465557,32014.172400925512,20,0,mono
16.30513366709699,1.3175449361489993,43014.61366669075,15,0,mono
8.376962898921702,1.0765143278229923,367373.98964559485,3,1,mono
6.227893964505785,1.0847955080159268,316872.8140577889,5,1,poly
18.759624709702088,0.41598248666611926,196761.2415526427,10,1,poly
13.5590420850998,1.002382085078251,308835.74864685524,5,1,mono
2.424475024638164,0.3373990845915035,383586.600837666,5,0,poly
1.4251111687862401,0.2588046746837421,315673.1238360755,5,1,poly
9.696819523267862,1.4992284465937413,341677.39351277915,10,1,mono
4.4407968176430845,0.9524451006361025,311424.43511432287,10,1,poly
5.116995829856257,0.6749324153529263,92238.1042004104,10,1,poly
17.55995896761557,0.4678385581817294,338422.4205689226,10,0,poly
1.8368421851103978,0.9256846433102298,102190.26340895772,5,0,poly
14.32151409881635,0.12191058691912487,360266.1913763344,20,0,poly
5.459287954942732,0.18728743623195282,199700.4622899981,20,1,poly
15.218548017012548,0.0976422117235747,280481.3983550805,10,1,poly
14.462107120047715,0.7737962582308595,213979.1137158381,15,0,mono
0.19746843381364587,0.9208796123214147,64776.64388414275,3,0,poly
10.207251487785904,0.14059565396884022,137567.25381964608,15,1,poly
2.8294236734420246,1.095775477873429,393980.78597889224,15,0,poly
17.3312292600446,0.3840728536961184,385464.45811783243,15,1,poly
17.43813836310501,1.0435421079663059,148580.1521325525,20,1,mono
8.395998859500473,1.473750853051106,398629.81757073355,3,1,mono
8.915692588099057,1.0521035115780841,342853.9423338529,15,1,mono
6.100494641120315,1.3306299267392323,256055.01478993424,10,1,poly
14.346295664252619,1.4248878347774476,44846.10949657351,20,1,mono
7.205294192377859,0.7557890201108576,363535.32692920044,10,0,poly
5.3924598667265435,1.0683712201585749,236248.8333277983,10,0,poly
8.673009637114939,1.2853554176559705,351336.17594502476,15,0,mono
1.8751759918298014,0.56708292366786,338738.77436512464,10,1,poly
14.944733932651866,0.42902610901257254,338212.29962440184,3,0,poly
0.30129820537214985,1.4225679305285912,288324.32846451487,10,1,poly
12.907476977335849,1.103140075534786,137823.601310138,15,1,mono
3.6981473087597045,0.3685390933949481,154379.29536547232,10,1,poly
4.686460721977541,0.7011709193803645,144133.60865559394,20,1,poly
12.730858372868797,1.2048550658298236,37417.019827048935,20,0,mono
19.859222142369,0.8432413368317411,245550.49640948014,20,0,mono
15.565463906997387,0.9924305423405392,288568.45806503214,5,0,mono
4.555500662856669,1.1429638929653259,345930.4176043253,20,1,poly
3.561693863070619,0.9519133237730218,81861.21035161024,20,0,poly
17.331345761840023,0.8331150167871839,231347.76512141665,5,0,mono
8.911469761034011,1.1369407123622715,32963.01204929966,20,0,mono
2.7842034164217013,1.104966401376691,65184.64965296991,15,1,poly
17.251117895272664,0.9633149802656095,50058.34535621743,20,0,mono
16.331042440639514,0.571694649403798,298426.87258573016,20,1,poly
19.678931959748414,0.6384275336903938,59992.03863471317,5,0,poly
18.199386549918042,1.4571358958819414,295087.6031767523,15,1,mono
17.043217256277806,0.21295960182271245,122361.14063191586,10,0,poly
1.0988592363295129,0.4393321300166112,354753.7954578676,3,0,poly
2.1330866214874544,0.7639825508462869,330865.4956946112,15,0,poly
11.40121472636725,1.2632580449084896,384397.1804658523,10,1,mono
10.653010963322327,0.2873297124081054,356991.9457194718,15,0,poly
9.186366129066233,0.4515841962806843,375331.88507304847,10,0,poly
7.965947042020955,0.14540741580309652,347734.68670992384,10,1,poly
8.652649173043361,1.0736786357736867,286551.30322749645,15,1,mono
11.407493785989166,0.3954036814396434,92995.8862864113,5,1,poly
0.09142652612162008,0.6135783884728783,130531.78197601439,15,1,poly
5.251140043950401,0.6933670981930184,108708.97746820105,15,0,poly
10.389680427739787,1.3424052066293608,253326.74143353608,10,0,mono
14.458211168539242,0.6464289209802934,216339.37705023252,3,1,poly
3.5244260132881564,0.2605762788771111,350819.59894861677,10,0,poly
10.960279417059288,0.8102566605931755,382488.960604658,20,1,mono
14.303470693521346,1.446289092240513,179798.15915871342,15,0,mono
8.9203217753824,0.931144179523676,217349.70471390057,15,1,mono
0.5902686167175185,1.4759114696678302,389461.0520175315,5,0,poly
9.012899761389454,1.2696055979613616,132208.40840056312,10,1,mono
5.964075510495855,0.10215034650944857,323184.58688276104,5,1,poly
18.5965096736415,1.0046794132967107,113338.76386404112,15,0,mono
2.5360370442826308,0.4658119724589313,282140.24270735064,10,0,poly
13.066895312369281,0.8614444406848496,123837.78222626874,10,0,mono
1.101759338373298,0.45505052685027847,356981.3538676131,20,1,poly
8.951100234363295,0.5558621040776711,237746.83918257043,20,0,poly
11.101890770040608,1.38859463204356,98795.44712352229,3,1,mono
5.994200879771466,0.3496326180929727,113016.59500843984,20,0,poly
9.12875892863167,1.3174582211374541,212724.2024119971,10,0,mono
3.3128982008772376,0.09416382170222037,385792.74946270516,20,1,poly
6.117270796887321,0.18177098063599012,314767.60063695215,3,1,poly
12.44107118195855,1.2892788100071821,210674.56784556268,15,0,mono
6.070911114430044,0.9643062448183333,154956.08348802032,20,1,poly
17.99987441425699,1.1334924001573479,233229.34253892378,10,1,mono
12.586718804937746,0.35365562269168865,306893.5083685893,15,0,poly
8.80104791779789,0.8287710106056501,320053.577727536,10,1,mono
0.8232008643059403,1.118967874178392,150105.25529586952,15,0,poly
10.015989287333191,0.9596054986648807,296828.9292391346,10,0,mono
15.30728603039553,0.7339632119922538,273381.84861338884,20,1,mono
5.347874080347651,1.4416864903346864,384871.5480386287,20,0,poly
16.14513271449291,1.0304281335074956,374503.4074879655,3,1,mono
5.073544982715085,1.366238660349795,322070.3504733235,15,0,poly
16.48374043961847,1.1081672417818378,297656.03487632354,3,1,mono
1.751103415152964,1.1164221164666406,131395.38819058205,5,1,poly
17.330364991937138,0.16602649114863505,343007.14475645736,20,1,poly
10.008769696119943,0.5712237016882182,188177.11037394547,15,1,poly
5.965924912924226,1.2946356397435048,130729.00072723653,3,1,poly
5.339009345782218,0.3872756001156961,172139.48044278112,3,0,poly
8.668610650660735,0.217483505926876,339296.1313061079,5,0,poly
19.98103748716772,0.5228537821262504,84994.28976381745,3,1,poly
4.445531499079772,0.36963493309429024,198778.7342143343,10,0,poly
2.109172145136042,1.391667882450075,212172.3099759112,20,1,poly
11.721451615937305,1.3085516309030902,43552.98811156318,3,1,mono
9.79642220548313,0.7745406839102111,102426.03093282117,3,0,mono
10.507715607712981,0.13894861800160863,335894.6985730669,5,0,poly
13.35536158026648,1.0861154018350767,337383.93378006143,10,1,mono
5.379524193919454,0.9539470104375837,138193.58103717177,3,1,poly
18.217766657908573,1.457304272556319,353711.9768012327,20,1,mono
8.741657719139694,0.8604821983920466,315559.6874552887,20,1,mono
2.625269593092112,0.5377708989342186,184625.7690043015,3,1,poly
14.858860196842189,0.8025814556889059,306910.347429864,10,1,mono
12.879931834726113,1.4699317725365486,385693.8135420783,20,0,mono
6.349080879556539,1.0597255271728943,199818.79568417906,20,1,poly
12.449298544479268,1.0243653999942242,118218.05621278894,10,1,mono
4.436246029561088,0.3989883051025338,378472.10501855763,10,0,poly
8.924545218843564,1.1282236504628957,253385.3867684049,3,1,mono
17.99327981723814,1.1378941527340691,68948.11011775734,15,1,mono
2.7140079515569506,0.5100690264750627,241892.6418669751,5,0,poly
7.764594177249866,0.7513850569665341,215214.92909587052,15,1,poly
16.431791373170928,0.47717483276366124,346567.89080795844,15,0,poly
19.391343443153254,0.4251223519702157,226357.2202125029,20,1,poly
9.105826421614829,0.08754930186175347,124436.00070738487,10,0,poly
10.164642421859782,0.46355702974733154,279988.3036300087,20,0,poly
11.464830637586207,0.8532564273234986,230752.91743816464,5,0,mono
18.65034542559253,0.052321721946091804,116226.5124587428,3,1,poly
17.171225479991744,0.4606676715240177,242242.3074388759,5,1,poly
3.4534924362018042,1.3280449818687126,333968.1638191839,20,0,poly
8.763318466049148,0.9107904484056732,40571.23955788386,20,0,mono
9.306808542518704,0.9314010949174217,263414.8842986913,20,1,mono
15.792467427392696,0.6348782422882122,159346.52244022506,20,1,poly
12.077713007978433,1.030884608063996,138288.43493098696,15,1,mono
13.101698217478809,0.32540251103402074,175257.46763361117,3,1,poly
19.964088157929073,1.237182875057078,156548.3857717532,15,1,mono
1.5454528672267605,0.2191992239070547,337928.4694821234,20,0,poly
4.499045979497973,1.0012019642470085,131675.18998412322,10,1,poly
8.18752395056236,0.5446665224385404,301266.61854943656,15,0,poly
6.988258940825299,1.1338938073445914,64802.133484577826,20,1,poly
0.4818289488723226,0.847158599335729,382016.6578192338,20,0,poly
1.880963249099958,0.7059119057941385,260257.15578196416,3,0,poly
13.635018163501345,0.29566248303520815,291485.87350648723,5,1,poly
17.592523044083084,0.9733911232123116,140274.55287494685,15,0,mono
10.308828874756253,1.463416272959599,182475.7304220024,15,0,mono
10.806862036296979,1.2471249661151718,112798.0029202612,15,0,mono
5.139113985005968,0.1370118792540671,375038.3517468228,20,0,poly
15.369133454492541,0.5955325986237271,210598.64542750973,3,1,poly
15.048302017976765,1.3920953633258941,263265.8027934563,20,0,mono
11.787895499892251,0.779413433957681,301680.6512963647,20,1,mono
4.292652515901289,1.0100621474218598,167309.25370682942,10,0,poly
1.9855134538299344,1.373269051107516,296437.61217948224,3,1,poly
1.3315595883496616,1.317002301108827,280117.22120984585,15,1,poly
11.874286529525412,0.777639544533741,291093.9535333602,5,1,mono
16.50945461689886,0.6845871388535231,211015.06307570677,15,0,poly
17.17369211402945,0.5425542967954012,171686.83144789832,20,1,poly
9.299260383151823,1.0925781925861922,112170.40963732624,3,1,mono
15.696212421169003,0.4661308592337377,335111.7505363304,3,0,poly
18.94025991700342,0.41233702932480515,255089.5172167211,3,1,poly
5.539643744136956,0.5665623471754812,194410.31255607316,10,0,poly
7.9893089102961055,0.3069618324742484,379278.4854829262,15,0,poly
18.63300590230378,1.0579237331213627,47700.36062760436,10,1,mono
6.797707797979832,0.9435489415293878,344563.6197258676,5,0,poly
18.281831991919837,0.7501738744679732,399105.5593900098,20,0,mono
19.62184500197659,0.6159723799292542,358168.5810266609,10,0,poly
13.253124035059773,1.3681406872002606,329861.5366777813,10,1,mono
16.34696127560816,0.09222948823420266,168493.21756034013,20,0,poly
15.00343400621065,1.1652062280855837,115586.2474370486,3,0,mono
14.0057084394297,1.3577688790358886,301894.6925848524,20,0,mono
6.173274905975589,0.6972141401733927,142692.88552677032,15,1,poly
1.1890320412634772,0.8485012126324378,95134.68239733914,20,0,poly
6.893882063767029,1.419472347428955,321014.5782283288,3,1,poly
13.355372904817937,0.35780239716399587,145641.1513275872,20,0,poly
2.0954575046446373,0.8041955292877931,368343.4399103152,10,1,poly
0.2877637604159297,0.7383456343359087,341034.07858307636,5,1,poly
2.8368628334286257,0.4246693394120366,343626.9219184244,10,1,poly
14.328931731895366,1.2369601840410065,315480.7986406557,5,0,mono
19.457234348046057,1.354420862406692,355926.12679665256,20,0,mono
19.66214075731567,1.1838022406929027,328126.35010590445,15,0,mono
9.90488402534675,0.33327049323048213,252929.2045226496,20,1,poly
17.39357840479733,0.17578552147700327,139454.40587528935,3,0,poly
14.749687792242506,0.9278945036927464,358637.40148923517,20,0,mono
10.045752727842839,0.1327874027393317,341023.340426081,5,1,poly
11.476572632453982,1.0255975384092222,204965.34921790168,10,0,mono
2.7876815750065775,0.8191151194745019,44459.11382072342,15,0,poly
18.756346139301012,1.0110393124783121,266261.179138708,20,1,mono
7.070998926098946,0.9057476217921289,48720.83586033524,20,1,poly
8.950677666320532,0.6629187258144006,372723.58588391065,10,0,poly
13.44962160840808,0.34127191120333095,385803.5649513636,15,1,poly
6.7113543069547505,0.4932680969252084,100111.35398285356,20,0,poly
5.1224702617291635,0.8105258326175159,280264.0698803167,20,0,poly
12.6394353957409,0.9952087357890286,64139.531688222225,5,0,mono
0.5484324415228965,1.1802503744825663,299921.2635720552,5,0,poly
14.428465984932243,1.1623975417511383,158496.4364764896,3,0,mono
10.30476622903637,1.4603986777285738,281988.5413402647,10,1,mono
12.13478692389264,0.46447010056194366,167964.3084048058,15,1,poly
12.656009176975358,0.15311052690948335,83859.97863829722,20,0,poly
10.564650622026646,0.5512025565356959,180260.69278594642,20,1,poly
11.671548859942684,1.1277769890749112,71689.20485487231,3,1,mono
13.691574607752997,0.6852618939982781,243446.81174146995,20,0,poly
15.074721001234499,1.235793224354658,45152.066895307515,10,1,mono
14.562675206158104,0.8465232295197217,225108.2814519481,3,1,mono
17.39884833175862,1.3981979978142294,357956.39942535013,10,0,mono
3.8293964916896845,1.4244019908986498,340013.1099441642,3,0,poly
8.052901991361361,0.15049153372718563,356629.22886180383,20,0,poly
18.95853151698842,0.7117994875830153,371158.05678702967,3,0,mono
7.961981959007278,0.9340491388118737,68675.31851400685,5,0,poly
2.541158034273157,0.4210151841777085,77636.46506401384,15,0,poly
10.532630270925482,0.6402613300995214,236092.51833585757,20,0,poly
2.23434490246152,1.0326382346206624,360769.88731703884,15,1,poly
4.09692211262091,0.37876462900262403,390509.29891389137,20,0,poly
19.966459193590588,0.9228729618129561,47116.909415799986,15,1,mono
10.850184636002833,1.0612993508382438,161636.41115424424,5,1,mono
5.7169648613565585,0.18121965108900678,108770.87422419759,15,0,poly
19.895760343749426,0.7714175082398065,309707.3641045618,3,1,mono
19.332850425175106,0.4314660433900766,266871.7313587018,15,1,poly
8.842743869631057,1.1003602161971646,74358.57164902281,20,1,mono
5.245042020318772,0.3248554873785637,208903.16492503945,10,0,poly
16.77607277993919,1.3437449775302543,283612.9932773778,15,1,mono
14.326633303587126,0.674864937951574,318231.99575189396,15,1,poly
13.75448162832003,0.33710439394595254,37419.502620083156,15,0,poly
17.86761913938333,0.6851316047079775,359473.74237403926,20,1,poly
13.803871820732926,0.6426784560723654,240634.11169169404,15,1,poly
5.711768963678905,0.67193249126588,330406.37253516476,20,1,poly
13.892570079420858,0.8990638755712981,328937.07110528485,20,1,mono
6.150979550109096,0.8057019011246295,100245.48430025858,10,1,poly
15.19681764415705,0.26717684093730887,70763.68449384425,3,0,poly
12.413969697106742,0.14508965533762266,296876.2895203159,20,1,poly
1.594360462095774,1.1076524006534838,87877.95996399905,5,0,poly
10.281065480581084,0.8615902820960546,344476.8718197478,15,1,mono
6.898854335455031,0.5705511137149324,298690.1090289789,5,0,poly
6.60498412300927,1.2221188426222072,341475.38481514715,15,0,poly
12.065013232426283,0.6126847876783876,140634.69145545806,10,0,poly
6.480380248165027,1.204149379920881,147141.28235191054,20,1,poly
15.54903027668721,0.49334638489294325,278351.9758481375,3,1,poly
1.46228914842293,0.15562568144053962,41635.00337181059,20,1,poly
13.224745635296717,1.4023275560098971,298803.79614484636,15,1,mono
16.193436332951986,0.6220991374579911,339239.73621620244,3,1,poly
13.47299221391258,1.199404230631598,183610.5270435185,20,0,mono
9.969722440648916,0.4547589931723415,313005.1671327334,3,0,poly
19.008624924036816,0.9872294125793012,94606.03928343693,15,0,mono
6.033772871471368,1.316300766223706,149236.34571320933,10,1,poly
0.43239935612330666,0.11038383239297148,390492.83635087666,10,1,poly
8.668187960695645,1.2544218587948295,394941.4242172467,20,0,mono
0.7085881212115287,0.8784328572092965,219663.86961798754,5,1,poly
19.081038212901856,0.9308340431674254,375679.82284163445,15,1,mono
4.237865012673627,0.8085791011686748,223410.3508810362,20,0,poly
15.789094127780146,1.3179888997612814,137887.60741962818,20,0,mono
15.50271305932858,0.11297836799167432,128752.73659654558,10,1,poly
4.393691548674523,0.42849116772697976,373917.11098621506,3,1,poly
12.443469283079338,1.3198556813457751,93805.16392032788,15,0,mono
1.0091754213046817,1.1409012686713362,244464.00953467272,3,1,poly
9.697312984792156,0.07558548225897847,235544.27518320625,15,0,poly
0.3422101890861104,0.7996591106540776,303660.02332160814,5,0,poly
18.426820409607796,0.8178803870333785,214719.87578416665,10,0,mono
19.522916182781454,0.63127909593547,130745.69446200966,5,1,poly
4.4845411944397755,0.481220331489885,92676.70486368406,20,0,poly
4.201715390197637,1.038501033097896,259702.95729717996,10,0,poly
15.086717522414487,0.35129617382189304,296026.5800356963,20,1,poly
5.104919006645222,1.2084754150039738,240722.87311235207,5,0,poly
17.90677735527881,1.214403883112834,303189.97253484203,15,1,mono
11.499886265653496,0.6521290844805898,82362.84490648526,20,1,poly
7.048013579055726,0.4611446158189891,356513.97212896013,3,1,poly
16.66224023967093,0.46162336330653414,245486.33811114615,15,0,poly
9.893463673247235,0.7493224197945046,76932.25295026094,15,0,mono
18.237076628484086,1.09338987588657,200912.32555612197,5,1,mono
18.56388402275115,0.5703596019410953,342572.94301038724,5,1,poly
3.350132034961766,0.9345628509137397,362098.01157766924,10,1,poly
0.09635195233200894,0.6046024678447618,127920.31684954175,10,0,poly
19.679422255840926,0.4915586242695058,293168.35514286766,3,1,poly
18.127443845743215,0.08604629807790154,66994.54156899737,15,1,poly
1.156132452291636,0.05567545331631643,42411.972422498395,3,1,poly
16.669033565624346,0.37945113285640647,237347.61291337883,3,0,poly
9.183208404556172,0.6392891158614434,287086.20435140654,5,1,poly
5.216284020248255,1.2843286926749873,324441.09053530573,3,0,poly
17.58099314735475,1.207802152249117,155880.00822847383,3,0,mono
3.9735112861866293,0.4373896307525853,32414.401858688187,20,1,poly
18.948634988430335,0.40458364232723404,207422.1177312009,10,1,poly
4.152148679601854,0.3796170030515398,35865.811788219784,10,1,poly
12.292979595188434,0.5418941437668572,64034.268948195975,15,0,poly
4.500572373853048,0.7723881433644438,150874.93833674688,10,0,poly
10.936089866124263,0.6860682694457845,191753.65833726557,15,0,poly
13.69530384180707,0.36649613823316596,133403.69325496996,20,1,poly
3.845047219861744,0.23915454441824613,245290.1486067419,10,0,poly
10.44167136487855,0.0682378281049833,50479.42201069522,20,1,poly
9.407741900582874,0.2732466960664306,83494.49278864634,10,1,poly
1.4671965569966576,1.0727667367814715,287245.6082795104,10,1,poly
16.375240962622293,0.4032759255510952,82592.11583122956,20,0,poly
6.746863892824692,0.7294726246761892,266716.8245810563,3,0,poly
11.512914841159997,0.9073866659387049,50233.30967874525,3,0,mono
10.319945486916032,1.3359193091058303,180731.44327408195,3,1,mono
10.289547066180324,1.3388398926704583,95641.50394483747,3,0,mono
2.1890867644593244,1.1313139138379706,70565.42453801897,10,0,poly
8.498466084524189,0.10097763847032706,239802.12989545419,5,1,poly
9.074716846171077,0.8838521076738516,373484.2356420801,20,1,mono
14.686174665270748,1.1905460327056845,50271.20773171306,5,0,mono
16.808375696817937,0.07506766490687665,185975.07184067267,5,1,poly
10.922396448095359,0.8470426898020386,291788.11196581414,15,0,mono
1.7813199335965602,1.2937580113897427,201194.497724496,3,1,poly
4.775146938401098,0.7374480099712871,328403.5000589407,10,1,poly
3.3404338357119845,0.05595399420130026,96468.76686972872,3,0,poly
2.536070510623038,0.06596936958663081,385049.855860264,3,1,poly
7.34969100742526,0.6541222542499383,172510.17227583998,5,1,poly
4.6264003679799215,0.27476256775429414,156380.7641893818,15,1,poly
4.4051470806396695,1.0134534527852264,353604.14396617137,3,0,poly
1.1411288327965396,1.0777589341139233,238630.80179995362,20,1,poly
0.40251739366890593,0.3079257034179114,221084.40650404396,20,1,poly
2.1002264408631466,1.338373268360503,298981.8302255194,3,0,poly
3.485339714501479,0.6907663752194425,244538.66816400344,5,0,poly
8.648125390521653,0.2571265660082894,90130.78856013267,5,1,poly
10.23487921291195,1.1581648172006234,279453.120460024,10,1,mono
2.854808767558643,1.1954630250243206,79383.48533438754,15,1,poly
8.524427663407517,0.9769784353649134,328167.3509736029,5,0,mono
6.8678894044022485,1.287525052143702,396202.54115354025,10,1,poly
3.7093016877842224,1.1191908094444734,169633.42124066723,20,0,poly
0.18647292555985284,1.3291983189791363,194559.68233474463,20,0,poly
9.367006437108747,0.6791376703039452,47180.452528640555,20,1,poly
13.728752397840728,1.1340158357441916,35081.27959055397,3,1,mono
4.56423281616895,1.4996397669721144,370925.1539042412,15,0,poly
2.679546256438753,1.1011502364034478,77590.90236250106,10,1,poly
17.74650275171689,0.21556648134384165,194938.13659700402,15,1,poly
5.536744211131565,0.8015621475223154,331681.2108265577,3,0,poly
4.5110717648636625,0.9016542973023906,359047.9411734782,10,1,poly
17.14908394521782,0.3026054788535169,222177.14355488302,10,0,poly
16.351286628376887,1.4461928695581545,239062.0342411014,5,1,mono
8.994512086966441,0.3045906775701936,277783.06981141085,15,0,poly
9.810315285484101,0.307458983584173,385711.51395317464,15,0,poly
4.394086661438738,1.3769923500631047,252987.88554946688,5,1,poly
1.612118326067172,0.7245478780264231,237005.84599884812,20,0,poly
11.489964915845439,0.1416230049480485,35377.63004841655,3,0,poly
2.0119811857247516,0.9173718749108665,59951.389748271744,15,1,poly
9.013027211785165,0.9226482055179194,243553.50185087862,5,1,mono
18.812919110334565,0.1435261000955146,376408.94348866516,10,1,poly
19.059046063953158,1.4601576186688099,350675.79890777613,5,0,mono
4.824679116619804,0.8388434496771346,393554.20150711574,20,0,poly
12.501062729910805,0.8617037971606581,225298.59389767138,3,0,mono
9.50782146895176,0.804167351028472,321534.44722197374,20,1,mono
17.519918295342812,0.935561080484699,340948.122651056,10,0,mono
5.465045742307262,0.43323464152194463,269771.71321241884,10,0,poly
0.12386301630671614,0.4664999545635191,155337.46455936768,10,1,poly
3.293096058331731,0.7914416802043925,203892.02082338394,10,0,poly
7.022979883329491,1.2196944894071904,347429.31673012004,5,1,poly
6.348636538921247,0.12230363591655935,140462.73261340067,10,1,poly
15.837690236501574,0.9249361077193567,371784.95856865996,10,1,mono
13.627185289469814,1.2198283066341553,115028.34632638609,5,0,mono
6.0261485763172,0.2775300444539794,307321.07360800885,10,0,poly
9.181989152465958,0.07178268587182113,263306.91670792317,20,0,poly
1.9564041239687877,0.5034342779551142,307351.793214682,20,1,poly
17.96802157416101,0.9028083747579173,191818.60180006007,15,1,mono
18.711725247748255,0.2505106014368842,375077.1931449743,20,1,poly
19.597080530849716,0.667877437910104,264014.71489224664,3,0,poly
17.377628974177462,0.850866171192703,136669.44768507482,3,0,mono
3.520519709539699,0.9183804873981098,266228.3761412932,3,0,poly
0.9716198398724952,0.44789699545054396,136121.82646660152,5,0,poly
11.612954711882846,0.6300429721801225,138643.98495115346,20,0,poly
18.256470286318052,1.1785918821479602,177851.44929972113,3,1,mono
3.5881596651118697,1.414761306474994,345399.254500574,15,0,poly
0.19050614675163013,1.299726480121473,215110.21352577704,5,1,poly
16.119646118343276,0.8682110775134763,281193.31162517675,15,1,mono
1.5820739015203433,0.6449245642687225,175028.06390155133,20,0,poly
8.303435336605107,0.5327870908385565,127534.01272854613,10,1,poly
13.593802376916262,0.23118702082182618,383216.85946500563,15,0,poly
4.774111829850793,0.20449930846336384,253325.06143553316,10,0,poly
1.7250531407621976,1.0481185561248036,375561.99527560576,5,1,poly
15.411923507693782,0.42670190344818254,105262.81081337656,15,0,poly
12.621992943496476,0.41925944532704784,84350.84064778511,15,0,poly
19.770385165511755,1.4973828289927893,346654.47563584434,5,1,mono
6.918945264733187,0.3224926389170033,281939.36866838305,5,1,poly
1.282159606489484,0.264686651258803,99034.0447238473,3,1,poly
14.70028320493915,0.1930935802518849,129663.08924550898,20,1,poly
10.458581706122251,0.8907177504918544,326245.6583643651,15,1,mono
4.303418431213244,0.9604025477030471,197931.38939849637,15,1,poly
15.64549333064495,0.5795804930724788,278099.9874072536,5,0,poly
4.114921942706378,0.8263493364916282,147790.24819032403,5,0,poly
5.250200013917084,1.1931793198701233,171055.08252670438,20,0,poly
1.8959446596160467,1.236251044066535,396563.64669054886,5,1,poly
8.018673966665546,1.43897250978769,121618.32225464586,10,0,mono
8.407638017551509,1.245188579588168,217388.8595035102,10,1,mono
10.315507717448554,0.8690200832402686,342428.8669804969,10,0,mono
14.19383712911936,0.31050260046342665,118512.58905636745,10,1,poly
18.126713527174495,0.19465715866912148,183629.08997320235,20,0,poly
2.797795272811782,0.12904224037074585,257583.77632689566,15,1,poly
1.1342445620557082,1.0164624560888063,208039.61604578793,10,1,poly
0.419698110206949,1.22092757032709,200015.83863101745,5,1,poly
2.915246492472884,0.7875917284919146,164128.60058918572,10,1,poly
13.176092241343438,0.1293355535087779,247059.14127672228,20,0,poly
14.563167706030107,0.8264323331574404,261017.8982317358,5,0,mono
15.740788984886038,1.4068364292105981,271717.13013350416,10,1,mono
4.911978827491636,0.9165391268520677,56036.199925230845,15,1,poly
6.152601524567322,1.2236698582710817,263482.6450134581,5,1,poly
9.688536179031715,1.2102213401680384,382697.75614905613,5,0,mono
1.3105027823615185,1.4015871946819467,230164.90714539096,15,1,poly
12.24227338806436,1.1668317101923162,294648.8205284204,5,1,mono
19.675513921831367,1.13416574531898,235990.95387091057,10,0,mono
7.248085911991151,0.3894488642074288,346254.0288790321,5,1,poly
15.06930712807311,0.1368914752155681,373945.7450011005,10,1,poly
10.02567661561368,0.8005192243280213,98161.36273965293,15,0,mono
2.5998462949896353,0.230429601522795,191638.21352613682,3,1,poly
11.665637103611598,1.4451840206030875,175181.37734510688,15,1,mono
6.032491655459095,0.4703909058178914,179929.5956207331,10,0,poly
0.7363440086464917,1.286769094907225,76443.94705431408,20,1,poly
12.716848115848988,0.612055706543566,331037.81861286616,15,0,poly
17.185700369028314,0.5186316622931972,43233.50991552604,20,1,poly
6.928156849652489,1.4059799299461007,225443.84485904805,20,1,poly
7.836396166894771,0.5768177295250249,274895.00357653573,10,1,poly
17.82588257519587,0.6159174675615479,106763.69208178455,10,1,poly
16.28149582667875,0.20383308043871828,365164.57107655436,3,1,poly
14.313308829857954,1.0221476646596384,340263.2065991734,5,0,mono
5.013501421875301,0.4688171509923945,204300.97990905234,15,1,poly
18.20882226658456,0.8991260433672854,182125.10496585132,10,1,mono
3.1305943629072988,0.9074599708771538,117530.132328107,15,0,poly
12.554071862373576,1.0928395586138622,300097.49311863654,20,0,mono
0.6245835519030482,1.1306001549500397,78745.20586382673,5,1,poly
12.89221013618267,0.7959560298822322,281687.96892219974,3,0,mono
5.579029819873528,0.5299383240249343,341709.084863813,15,1,poly
9.021055694815214,1.2643037975103641,114534.48308929878,5,0,mono
6.938027813538208,0.4993051916423028,350578.1390725398,3,0,poly
3.4964972871118873,0.7858881869805306,42329.58379261813,15,1,poly
12.458516762372788,0.6318162456454056,367731.3325930144,5,0,poly
17.64541232505512,1.2898636596560478,73794.02430498027,10,1,mono
19.183730633533948,0.6762818701614518,268930.89583707205,15,0,poly
3.8873099449206054,0.6098438238143522,122530.51349815847,5,0,poly
14.361586842556319,1.0502443547015743,339524.3847327571,3,0,mono
13.303570363783361,0.923539609299092,219551.1335387226,5,1,mono
6.9003869020127215,0.20550790856897683,80039.2407612055,10,1,poly
0.43102902710683044,0.7868447691987467,241266.88139061202,15,0,poly
13.811335383891679,1.116443663083209,180916.56577288377,15,1,mono
18.912622468162027,1.4885084086574665,274735.69214684743,15,1,mono
12.660796432217245,0.9622629092569628,356304.21536248,10,1,mono
8.7340898475433,0.5869249463399108,181473.97853786484,3,0,poly
10.526820187526987,0.37791981971307165,137255.85142752808,15,1,poly
4.032594712815355,1.3156038395223144,35370.58497521526,3,0,poly
15.023356066887064,1.231119557564579,242690.44400815372,5,0,mono
14.941075608696488,0.389188090130108,178841.6639496304,3,0,poly
2.9530701427291275,0.3409165307125315,168620.21103548663,3,0,poly
17.5656687308682,1.0869483263762045,97686.06887515863,15,0,mono
5.42033530249244,0.5066804897822013,189120.47772077148,20,1,poly
19.64600841568547,0.49427825762483885,394243.5228258463,20,1,poly
7.688915130043053,0.27082085824810015,140169.03685873043,10,0,poly
3.5987869717532677,0.43276450357925333,251890.63296099709,10,1,poly
7.066816221345762,0.669885958509342,317300.1460867967,20,1,poly
8.831597557509003,1.1126155890450025,307188.39457531675,5,1,mono
1.432690072113982,0.5376467368999371,151646.48637225857,15,1,poly
11.585456705404626,0.5264762922457719,256018.23090123464,15,1,poly
11.972767175384563,0.46312421620103195,352367.93354995816,5,1,poly
14.791662584221971,0.7435113178910124,35715.54826123884,5,1,mono
0.6319393512003287,0.3119232120149072,191221.71203202382,20,0,poly
10.847702377954912,0.7541645643465821,112981.16474950495,10,0,mono
1.1055032937497544,1.0710545564823004,173793.94744757042,5,0,poly
14.037827188334736,0.09319623084730216,183916.1549508394,10,1,poly
1.1617733147346403,0.0641801014433547,306268.2569710557,3,1,poly
18.23897057441557,0.15892821972403837,64714.092786313966,15,0,poly
14.056547209345707,0.8267070895057625,219656.04415902885,20,1,mono
10.172425813448884,1.288959870618835,238752.07296553577,15,1,mono
8.85800326945944,0.05708247572936532,212838.3133141676,20,0,poly
2.6569189767445844,1.4081588916477874,300793.10363320645,3,0,poly
5.855437821815029,0.20410384177727692,172002.76468553353,15,0,poly
17.38573414516688,1.2708761156844282,379637.81354682817,3,1,mono
18.093833590671753,0.7501394092252729,208267.2737394083,20,1,mono
0.06491678199209472,1.0060682115543238,241349.1465574751,5,1,poly
11.903021009977149,0.7904903274484145,335446.4046382973,15,0,mono
14.400047150051018,0.7417199265100642,131837.35919451533,3,0,mono
12.394002300029246,1.2606041711283675,57824.75064223691,15,1,mono
1.679511309083762,1.1460352503733338,291880.0719941185,15,0,poly
4.393611731038099,0.7509332429583561,208714.3865529001,15,0,poly
5.044288334258651,0.21187209762428932,361706.5728548281,10,1,poly
16.64290639453654,0.2173342910058918,393591.61802730063,3,0,poly
9.290828754362964,1.2122322180426595,177670.4597126498,3,0,mono
9.762222828227674,0.8176164009539235,183712.4360160745,15,0,mono
18.701116278762445,0.7483042533180758,180946.1628161188,5,1,mono
12.759863482651575,1.0368219199730369,150085.02060044266,15,1,mono
17.978420645975643,1.2953202959506775,319224.22617356706,10,0,mono
9.157351664063583,0.9618660593992926,310828.43212156923,20,1,mono
3.0312533574399696,1.1561294584023947,207098.6021036942,10,1,poly
18.602215101778008,1.1596422599695877,46524.650060192536,5,1,mono
9.201167057567389,0.5665791007497907,144536.94155983717,15,0,poly
3.673546866482496,0.44742063367944374,138152.12722528988,3,1,poly
6.082795019063249,1.21168789740398,330102.2810940956,15,0,poly
1.0635116642943978,0.5969092480871532,62402.962163984645,5,0,poly
9.392596799554884,1.3598372094579225,328099.89024580055,3,1,mono
17.06990702960922,0.15105151025867347,277597.95131368295,10,0,poly
18.67493009733345,0.1344153925092425,301003.3398782662,20,1,poly
18.655414039697693,1.394156032147042,189918.8794064587,20,1,mono
2.548339011293497,0.9902596255630806,281498.5445206505,15,0,poly
7.671974956095586,0.6004190668500818,255340.70954155884,10,0,poly
0.6131637550315922,1.1448376014834651,314522.6722345929,5,1,poly
17.110548632180883,1.0248738744907797,195304.83875325328,20,1,mono
7.207177452324411,0.8202415178884146,204945.4812116319,10,1,poly
12.640784706450084,0.19336634686084447,268123.20241373347,15,1,poly
14.312223839641907,1.2276604015744896,69988.67265656366,3,0,mono
8.625401161375951,1.305733626486906,191410.4458947974,15,0,mono
6.163524614177348,0.2996445984013412,389621.81274612807,15,0,poly
19.246147556813096,1.2832418953667466,43894.35842221687,10,1,mono
19.29154008922589,1.322878600974018,146921.7474605657,20,0,mono
5.824255542198937,0.8466714878183482,146220.63306306716,10,0,poly
9.618520680051938,1.0014596025228961,264381.72411723586,3,0,mono
19.458240965267446,0.6042441140210125,69146.13298693177,10,0,poly
0.14712473272728938,0.45859788888843567,262561.29142517864,5,1,poly
8.282931055164028,1.096875563079885,65164.88904109919,15,0,mono
2.05412811613532,1.2997189660729218,65132.849544782475,20,0,poly
10.207701412973922,0.9984124517858339,299427.8421597384,3,0,mono
0.5421655930827186,0.7918063854374964,149930.01431813464,15,0,poly
8.167623706243026,0.28044091192404874,391646.4906540867,10,1,poly
4.452946541967435,0.12751513327698633,43820.586481155326,5,1,poly
10.68950183105188,0.6962530958577824,194689.4655756578,10,0,poly
19.920073299558958,0.12155686736126084,71860.29693938875,15,1,poly
16.020695297278614,0.8755352162654765,160010.21770050022,3,1,mono
16.920559727907207,0.6049573274107684,399342.3067253487,20,1,poly
12.723536497813663,1.1479242235388558,358871.72934325674,15,1,mono
0.8791189730315583,0.49319032041246597,47880.031276496855,3,0,poly
4.175613637080675,0.9098249164027766,238404.66221550285,15,1,poly
18.505037901118747,0.8296411065448958,269694.25278504123,5,1,mono
7.353956702678587,0.056833017007249687,107527.8108615465,10,0,poly
2.117552693291872,0.15496462748325002,83689.06215668659,20,0,poly
14.06298704903073,0.4710339081047297,364621.01982624363,3,0,poly
6.02418159248838,1.3292408674801093,388462.0833488494,20,0,poly
5.413695412438225,0.26317168460467893,397000.3572082675,20,1,poly
19.959650238387294,1.0807967791677853,322211.85628181475,20,0,mono
17.169871554281755,1.4613815209208167,275495.7656799451,3,1,mono
8.188359476438428,1.1963229514021751,157920.1933114092,3,1,mono
19.606211095939155,0.40227077444621373,93417.3755601584,20,0,poly
13.019758807213313,1.3671296275989684,59222.82176550572,10,0,mono
14.853347915001217,0.18500537693716562,286520.06336405204,15,1,poly
0.6786852094901212,0.7288058157125669,320347.66361636255,20,1,poly
2.476024923993739,1.3369357662033,335787.8514083426,5,0,poly
12.680048273599956,0.9798352784224612,368093.0512224055,20,0,mono
17.985528453857203,0.6497846188551634,355573.93854619825,3,0,poly
12.493687335447534,0.4745786567688947,399904.27073549427,15,1,poly
2.7237966416638857,0.5938941377116075,120303.68405788297,5,1,poly
2.359412922614176,0.787965582463465,312423.8176285179,15,0,poly
16.89150862169043,0.5126136983155707,246990.01957867513,15,1,poly
2.8290816572228903,1.4550034000193346,126660.69900782549,5,0,poly
10.428627612055308,1.4029625969459103,393304.96924616885,20,1,mono
0.7904107332479303,1.312473628910765,362222.2987664733,20,1,poly
1.6593618594539885,0.6616532615078474,77550.79732432308,20,0,poly
13.463347939475153,1.052387565536082,39678.58665966534,10,0,mono
13.799169138028958,1.3591024952021487,284682.38206309045,20,0,mono
6.862314661838425,1.2831227571344457,253528.33267691798,5,1,poly
4.3514148165987425,0.6507741703293012,376251.780921124,10,1,poly
16.283519901608294,0.21295977151727802,116581.95624933684,20,0,poly
4.381209427924312,0.15966402756009673,61223.54072114521,10,1,poly
10.863440039844276,0.8867428655772689,125909.673495635,5,0,mono
19.365766375214964,0.9818105060558509,37003.22698924148,20,1,mono
2.999656135354556,1.282271776665685,43280.317939905,3,0,poly
18.82048153651944,0.474146779494495,368497.38819068106,5,1,poly
3.6987164087199393,0.2928322112975616,160246.13552569496,15,1,poly
11.37049200006343,0.5995584581083893,181999.33037358185,15,1,poly
7.571303853576954,0.5626839292667989,36797.51217909863,5,1,poly
19.300325599961425,0.24207998332588937,130093.05866358323,15,0,poly
5.507163478588641,1.0248098461440704,327748.61398432945,5,1,poly
8.023177141610786,0.7876033140575952,257731.6550766861,3,0,mono
19.658059351215638,1.095627996366411,308898.82240197365,5,0,mono
10.75258430421004,0.5614021242461154,195469.08409370048,20,0,poly
10.077470806644007,0.5222682067876683,144599.8120479921,20,0,poly
5.192680839669626,0.7352349869135907,208639.73453149703,10,1,poly
14.042203028193308,1.3222406508229632,149536.29531012793,15,0,mono
0.33674038796666395,0.10840789476427148,340419.30576940515,15,1,poly
1.0377769625607558,1.2170075850798845,140139.27476935292,5,1,poly
12.007203813359265,0.585032038353747,274112.546967641,15,1,poly
6.866407747678159,1.2891975873932926,80683.4222545253,20,1,poly
19.068661625409163,1.2131943628119919,284140.6026819167,3,0,mono
18.068654279919574,0.5557038087243282,367920.8932920125,5,1,poly
14.28843986060031,1.0561209762163433,255175.76721676608,15,0,mono
16.372004343499636,0.2814674973214882,237146.49061275658,20,1,poly
13.363270400870482,1.3496082506374927,385613.7591680069,10,1,mono
2.5553629490677054,0.6365120434552687,262136.72546686316,15,0,poly
15.322590225299594,0.7106571422650403,126033.66031104056,3,1,mono
4.2433297759409845,1.0733506240036281,138184.67882366397,3,1,poly
6.502684959248925,1.240218343222034,290963.4577382931,15,1,poly
16.393722531443284,0.3926969778259039,302111.53974010894,15,1,poly
10.753685887449292,1.0089577028216434,142293.6057619356,20,1,mono
17.205817247959015,0.6183971636392653,157777.27183274218,15,0,poly
4.30005463087312,0.5846192398057439,396690.9082334622,10,1,poly
12.1751798502074,1.0505374447139493,67722.44334470265,20,1,mono
1.7216299023378194,0.6114157475261048,179718.66052283676,5,0,poly
12.879066821123592,0.5518573252383911,53105.58654307776,10,1,poly
15.262554053621919,1.2620381917830514,333798.9939393492,20,0,mono
11.719371334875497,0.1968503795549592,64167.96040980993,20,1,poly
5.361318454901264,1.0300443031038053,279382.72189120314,3,1,poly
0.6752862437343911,0.4106518209964057,50898.866881288355,20,0,poly
2.4330052350875007,0.07247245064797594,278956.3639895857,10,1,poly
12.464944432526822,0.2918081898654034,341923.6703632502,15,1,poly
18.69168332600815,0.9296592181750082,177563.96496190122,10,0,mono
4.170361359241527,1.0782344276546092,223186.80256990544,5,0,poly
14.71377167464672,0.08053378615666407,178570.44306195452,20,1,poly
17.335698711818377,0.10281689278749423,141180.84069407638,20,0,poly
10.441599460027845,1.358686066522282,327207.45823203743,20,1,mono
13.401852627080972,0.15629343626489375,130640.95228046618,20,0,poly
16.309555567689156,1.3465641299940283,297489.0670240954,3,1,mono
5.250469396924841,0.38084057493881335,106292.91932442483,3,0,poly
5.973068701647457,1.1230258102294086,122445.90454898194,15,0,poly
0.06251895673770061,0.49911321097171746,154490.63015356852,20,0,poly
19.26372791141116,1.2951904371333165,247987.85963570164,5,0,mono
18.35502064719708,1.065659554865319,198136.25808903022,15,0,mono
15.303136862000635,0.632629514972458,305703.5796362935,20,0,poly
1.62756661848413,0.16063855855241535,109019.90112439115,3,0,poly
8.977682649505187,1.1124152666126703,33948.74650406862,5,0,mono
2.0827404917324785,0.9444828961495133,317326.2645605314,15,0,poly
0.3676093318928321,0.05422199085899368,334010.2535356268,5,1,poly
12.342850155991316,0.06365879116004572,52007.66035010413,20,0,poly
19.21854687074976,1.2227498111294062,256035.78319860672,10,1,mono
18.062217067471394,0.42612962126268805,169936.51003303882,5,0,poly
13.950258557961318,0.9723938182056953,323741.3924219712,5,1,mono
1.977979654089185,0.7086109086596089,353533.38505269703,3,1,poly
5.519572551562387,1.3019735210565626,344871.39371498214,20,0,poly
6.435131701361555,1.3795936139986085,317565.5715198153,5,0,poly
15.274843652023947,1.4953711833843384,129549.32463460029,20,1,mono
16.054871125740526,0.27284199692050787,330399.1681202772,3,1,poly
7.732867153648912,1.3012978673894393,227387.0360853283,20,0,poly
8.386785732521313,0.43573099625676254,49519.94748787361,3,0,poly
0.9379553335596181,0.9066830185984862,199067.3744623521,3,0,poly
5.818277532454282,0.7833706091103558,378598.4293010975,15,1,poly
9.053139284693918,0.0760827907799621,358507.9594021545,20,0,poly
2.3838117753858885,1.4025183558638374,67837.78396893293,10,0,poly
9.092685842062677,0.16357422996636675,305326.873714317,15,0,poly
17.070857454543116,1.0479174331412169,328143.36040454684,3,0,mono
11.647354343514815,1.18825991250198,130413.62964760298,10,0,mono
1.6246506080163259,1.2031673811191421,204495.17117420415,5,1,poly
3.8738428106639726,0.24646705244682493,293065.5383415627,5,1,poly
9.517159785663198,0.6989764282365596,192445.35086382471,15,0,poly
7.26166863894515,1.2526718621292707,71734.85998063347,10,0,poly
7.206604039944669,0.48888485504919427,291176.50453223696,20,1,poly
10.608885590464624,0.7282355792932622,367306.3152020623,10,0,mono
11.708698635709675,0.44555114441477633,271419.3495102783,15,1,poly
15.947388327010012,0.7221495559337201,316306.27697054256,20,0,mono
6.852282941076568,1.337364987759676,162594.13819339653,20,1,poly
16.119052346659707,0.7099301349975157,97783.35069685489,5,1,mono
6.805294020797018,0.8560724247577646,267826.2547987682,10,0,poly
1.1558881293776149,0.6357656107894711,151275.346161251,20,1,poly
11.106043637545584,0.717169915644822,348227.20202622336,15,0,mono
11.77865138165155,0.07200258861731146,75372.37849186244,5,1,poly
18.69407790015611,0.4614309894426612,190381.56890125579,20,0,poly
14.534923454946364,0.6830434965256454,176789.21217330277,10,0,poly
18.359564417264068,0.9690056151894569,377079.925814954,5,0,mono
18.17152684434804,0.7025752993031437,86659.87622362943,10,1,mono
12.111253499651932,0.5398347128162678,33643.325254444055,10,0,poly
10.57885320346213,0.6127431662490279,118091.52873863351,10,0,poly
11.17094729491382,0.40132532734067644,333502.4381144022,5,0,poly
19.567699613161093,1.3905167100223768,107449.07193739631,20,1,mono
15.47469545035183,0.8065276773968262,119124.8835710286,3,0,mono
2.1700048006082966,0.0694437081145785,78062.55767862,20,1,poly
15.579646715288929,0.07819707470834258,294711.39521231997,5,1,poly
3.452234075519606,1.4607943706804603,55594.45048700436,3,1,poly
8.974643452662232,0.3711037924912053,152547.071861553,3,0,poly
4.2486704599218585,1.2181320187807563,134524.52884975687,3,0,poly
13.807182157387935,0.134499187262833,235409.10002235728,15,1,poly
17.55232923705106,1.385685968207096,300254.01805730216,5,0,mono
5.8427196130652845,1.3179046553166838,227164.28083779654,15,0,poly
1.6861142871033432,0.8780850855300463,374479.617400775,3,1,poly
6.004937306595517,0.06304805306072088,382033.7763883128,15,1,poly
13.463619065747277,0.4238257673338395,163742.1715444507,15,0,poly
6.608764544711276,0.6398928387277742,317741.7392217103,5,1,poly
5.598337742698377,0.7170929692839646,303356.5118092302,10,0,poly
3.729482052156085,0.48163419991543943,360396.8989307861,15,1,poly
9.97545271614495,0.09777440895601847,195739.14687685022,15,0,poly
5.5551791217358915,0.9056847385934861,226275.07926318314,3,0,poly
14.63365646533269,0.8100242681573961,183836.4960251824,3,1,mono
1.5786169197444442,0.46035092137216266,344639.4601408911,3,0,poly
13.297459010570785,0.10506515297592947,114989.85668398971,20,0,poly
4.789322290627009,1.4921615714718133,118692.35894970453,15,1,poly
9.811121257979483,0.7488799708982886,167863.88832351952,3,0,mono
5.757493944523649,1.1462061505724117,115226.84787786994,5,0,poly
14.469235086415374,0.7058553508244365,237572.5294735207,20,0,mono
18.90887545302015,0.1125969217512651,79761.33940333585,10,1,poly
18.345681750422774,0.4989210803739751,148468.90117950048,15,1,poly
11.689352992124618,0.5141597044585567,367974.5384359683,15,1,poly
9.279075549976719,1.2656117108710732,181413.4276709645,5,1,mono
16.375095163315667,0.9986334680998179,306846.47510259843,10,1,mono
13.682360934423212,0.44937336027723557,71981.01093143239,10,0,poly
3.71210407862781,1.4532229342556748,121598.86801246033,20,0,poly
16.427338311579355,0.5162356569769135,328717.87984413636,15,0,poly
8.60624356842447,1.4974393374516446,312307.38642718684,3,1,mono
3.8202639164249432,1.4944373550968817,172877.6898797138,5,0,poly
5.671857140410024,0.3272552507327756,383126.8537523855,5,1,poly
5.387164253454429,0.5034746184731802,366937.91585878184,5,0,poly
10.40817914333903,0.7547640878027486,386051.2771715287,5,1,mono
4.725683309023616,1.012945973164442,188328.4353694806,3,0,poly
2.515151423661444,0.815668801055509,103065.22596370272,3,0,poly
2.5176324697445263,1.4556901302417724,261863.69646379616,20,1,poly
11.686360132924978,1.0997842881417528,283366.06856330344,15,0,mono
14.708447812545103,0.3574650316053129,76413.46024669241,3,0,poly
6.4645835263248985,0.20239144780977553,320998.7226894852,20,1,poly
0.7412816607896408,1.0481818715285671,36682.2813111854,10,0,poly
2.5881364943933636,0.2797560382621063,208609.50336640986,15,0,poly
18.298156478724287,1.1921314184868435,152476.0160131111,3,1,mono
9.896196008809587,0.5010031675274886,303912.1321626611,10,1,poly
9.098777551822737,0.5239952314306294,145721.46914607188,20,1,poly
0.8090811072863138,0.06565766896479236,335918.63172898215,3,1,poly
14.586308595222137,1.066466337287809,250132.7908488999,3,1,mono
10.584958214594975,0.2142411419437944,323740.5438519667,10,0,poly
4.0815146749260895,1.1706768373221013,396056.0360006608,3,1,poly
2.2459715156120907,0.7632083417799499,281288.58792511607,5,1,poly
7.69858787945837,1.1872057316841251,394431.6170538083,3,0,poly
16.75138118569076,0.8966934818367249,40669.44096103098,15,0,mono
17.31262645606044,0.1695282444275366,155111.7957390091,10,0,poly
12.076785288892948,1.1601958882225154,69905.70788805438,15,0,mono
14.564351723241346,0.15120925309738714,127052.82461224264,20,0,poly
2.3473579586872635,0.7441174948255318,340388.5226765365,15,1,poly
11.783115006083705,0.29990636051019676,41959.60817065342,5,0,poly
13.355965784569277,1.1408860080679333,222467.68622098566,5,1,mono
